id,nombre,DPI,Edad,Tipo_de_licencia,telefono,email,estado
1,John Murray,2142568682991,19,C,451.949.7847x8268,richardkim@example.net,True
2,Jennifer Diaz,3835561790955,46,B,+1-213-645-3644x85044,avilastephanie@example.com,True
3,Jerry Weber,1957549516606,58,C,280.942.8545,justintucker@example.net,True
4,Marc Madden,3721978292108,33,A,262.928.2922x0828,paulgood@example.com,True
5,Logan Rosales,1237393614866,24,B,8273206796,fburke@example.net,True
6,Larry Gonzalez,8782390675077,61,A,+1-346-757-3449x245,katie05@example.org,True
7,Joshua Mcdaniel,8519747006810,69,C,840.521.1367,josephsalazar@example.net,True
8,Tony Meyers,2706737902965,64,A,+1-293-588-0508x79986,derek30@example.org,True
9,Alice Logan,7306644138113,61,A,615-290-1386x131,colebrian@example.com,True
10,Jonathan Hernandez,7055154837467,49,B,386.331.2322x9334,rachel10@example.org,True
11,Elizabeth Wilson,1714551920101,23,C,9557412844,barnesnorma@example.net,True
12,Jennifer Mcgee MD,5935360332951,41,C,001-355-311-4472x8219,richardsonrobert@example.org,False
13,Kevin Mckay,9422284205912,80,C,+1-801-840-8665x8080,jeremy12@example.net,True
14,Jim Yates,6358887965684,65,C,+1-300-873-8403x2982,joseph61@example.net,True
15,Jeffrey Davis,4819344145620,75,B,848-377-2560,mark56@example.net,False
16,Mrs. Lisa Haas MD,1967840202940,35,B,279.824.5409x74641,paula53@example.org,False
17,Donald Baker,501206346013,31,B,276-282-4646x97183,jessicamccoy@example.org,True
18,Gary Scott,1541151459048,32,A,001-744-890-2842,sharris@example.com,True
19,Jessica Mcintosh,2517266015586,45,C,+1-988-766-3200,brandi35@example.net,True
20,Carrie Smith,1824883318164,21,B,+1-590-273-3802x72353,abowman@example.com,True
21,Kristin Fisher,4773728415583,55,C,769-874-3456,matthewshaffer@example.org,True
22,Omar Richards,5128933972981,73,B,+1-737-520-1393x644,wilsoncharles@example.org,True
23,Michelle Baker,9017141754865,37,A,(393)329-3525,twilson@example.com,False
24,Kristen Gonzalez,4331523437960,67,B,001-865-742-2980x74228,bradleywhitaker@example.org,True
25,Alexis Dean,5901459016981,39,B,(694)553-0753x5904,reyescarrie@example.org,False
26,Tracy Ward,8132378763172,24,C,+1-296-972-7067x02325,esparzamichael@example.net,True
27,Stephen Owens,8489293093674,57,B,906.625.4445x58342,aconner@example.net,False
28,Christopher Jones,3518480632454,32,A,548.291.3175x88795,lisalambert@example.org,True
29,Arthur Johnson,8521328080000,75,B,+1-363-832-3735x35350,jennifer93@example.org,True
30,Madison Alexander MD,2369263495269,43,C,5033678335,aguirrerachel@example.net,True
31,Danielle Lozano,6350415588237,33,A,+1-234-333-9920,rwhitehead@example.com,True
32,Hannah Jones,6764576027969,63,B,307.737.0679x0178,amanda50@example.org,True
33,Nathan Schmidt,5558942147040,19,A,+1-487-498-2425x109,brandondalton@example.com,True
34,Michelle Hanson,999084561754,74,C,7897694620,lindsey31@example.org,True
35,Lauren Johnson,8517624474479,63,A,(509)765-8738x3718,emilytucker@example.org,False
36,Martin Hernandez,4871208768037,64,C,001-809-724-0239x14242,curtis86@example.net,False
37,Joel Thompson,5137284746367,76,A,(522)731-8265x0683,sheila83@example.com,True
38,Megan Thomas,833674129175,79,C,+1-923-660-4388x16933,martinrenee@example.net,True
39,Marc Butler,4069420578654,68,C,001-915-331-9409x89015,patricia66@example.com,True
40,Sean Pratt,6428152614319,37,C,267.845.8153,leonard92@example.net,True
41,Angela Burke,3502987697902,63,C,001-836-498-4259,dale40@example.com,True
42,Corey Summers,8898076150,22,B,432.840.6026x96813,henry82@example.com,False
43,Crystal Adams,9795022654681,44,A,(522)665-2429x89967,dale71@example.net,True
44,Megan Holloway,7396098696822,73,B,001-355-763-9737x1433,fcross@example.org,False
45,Jodi Berger,7500149260461,72,A,344-457-4800x959,thomaswallace@example.net,True
46,David Sullivan,4652867304177,44,B,6936122409,lauren32@example.net,True
47,James Williams,796603071460,34,B,293.461.8808x789,jeffjones@example.net,True
48,Raymond Brooks,4564142964078,47,C,(829)827-7735x9008,steven96@example.org,True
49,Rachel Evans,1780210162943,77,C,+1-932-763-2810x913,wpearson@example.com,False
50,Jennifer Yang,7893917498773,73,A,512.286.7614x822,tyoder@example.net,True
51,Dr. Christopher Hunt II,9630477598272,25,C,244-550-4509,scottgregory@example.org,True
52,Joshua Saunders,1290739114354,22,B,288-927-9895x7220,barnettjames@example.net,False
53,Michael Davidson,1354872857180,59,A,5953793122,ojenkins@example.com,True
54,Joseph Melendez,2317554072894,49,B,395.315.8283x61461,foxcarrie@example.net,True
55,Joe Phillips,3469182813309,21,B,7597516703,uellis@example.com,True
56,Ethan Singh,7746185258260,21,C,381-759-6527x51137,torresruth@example.org,True
57,Matthew Hayes,4161903053125,37,A,+1-460-728-7858x114,lvelazquez@example.com,True
58,Jasmine Vasquez,8998552508705,68,C,601-654-9448x7779,timothyreyes@example.org,True
59,Dawn Davis,4568097884524,48,A,+1-594-265-1922,devinhernandez@example.com,True
60,Christopher Moyer,6165896194835,34,A,001-542-273-6840x84514,angela19@example.net,True
61,David Gonzalez,8186661467882,29,A,241-936-9022x1199,ncollins@example.com,True
62,William Lucas,4650898656808,60,B,5614713471,brownangela@example.net,False
63,Adam Taylor,189214797701,23,A,+1-658-708-9696x12791,gary46@example.com,True
64,Miranda Gomez,6597642929331,28,A,3747349769,iadkins@example.net,True
65,Melanie Howard,1048360194301,59,A,217-742-1923x74113,jamesrussell@example.com,True
66,Joshua Marsh,3144718063124,30,B,881-460-1917x2801,holly64@example.net,True
67,Kelly Ramirez,2811611966522,62,A,4852737693,scottmary@example.com,False
68,David Whitaker,4607396010096,20,C,+1-836-694-1940x5117,kelleyjason@example.com,False
69,Melanie Norton,5481778814612,50,C,553-390-5166,omorris@example.net,True
70,Michael Medina,2922334544493,32,C,529.374.1016x93123,richmondjuan@example.net,False
71,Christine Jones,1424949613440,29,C,+1-753-509-1152x361,leerenee@example.net,True
72,John Moore,6429103322662,60,C,8628663150,codysimmons@example.com,False
73,Richard Young,9839792427157,56,C,244.216.0783,cherylpoole@example.com,True
74,Carla Martinez,8867062133614,48,A,001-733-592-4949,fitzgeraldmichelle@example.org,True
75,Danny Rosario,5579463111760,31,B,478.727.0145,isimmons@example.net,True
76,Sarah Garcia,1728566492015,26,C,+1-321-724-8695x801,fperez@example.net,False
77,Raymond Brown III,3487220918609,49,B,001-958-346-4279,jacob68@example.org,True
78,Paul Cooley,7153221794165,58,B,942-616-6012,ortizashley@example.net,True
79,Thomas Johnson,7007830567540,63,B,867.392.9385x101,shelly81@example.net,True
80,Kyle Peterson,3903810881617,40,C,001-760-243-1649,millergarrett@example.com,True
81,Megan Mitchell,7114195400857,31,C,+1-895-923-4952x56886,peter31@example.com,True
82,Corey Hall,8646667042838,80,C,898.723.1520x12402,clarkeric@example.net,True
83,Jonathan Thompson,5548793377679,33,A,593-986-6679x17844,xedwards@example.com,True
84,Stacy Faulkner,297622311387,60,A,+1-250-481-3697x6081,barajasjerry@example.net,True
85,Brian Barnes,6940406940346,80,C,001-903-855-7702,hayesdonna@example.net,True
86,Nicole Melendez,2564666037273,49,A,(398)894-2182,cardenaskelly@example.com,True
87,James Hernandez,9544787340850,74,B,(967)614-9810x5251,katelyn27@example.org,True
88,Gregory Martinez,3423244772458,62,C,001-231-843-1433x573,joshuahernandez@example.net,True
89,Linda Navarro,4171902620952,54,A,514.204.0036,joshua74@example.org,True
90,Michael Garcia,8909419636691,38,C,001-260-812-3362x679,sonyastanton@example.com,True
91,Hannah Franklin,1772532223447,36,B,(423)920-1569x903,osilva@example.com,True
92,Jasmine Potter,2584942785369,31,B,(217)773-9859,martinezmelissa@example.org,True
93,Donald Gray,6120102163590,24,A,001-561-288-3683x9017,paulmitchell@example.com,False
94,William Martinez,5019008768520,55,C,694-412-2228x28452,ztyler@example.org,True
95,Jennifer Robinson,2267244266489,25,C,599.357.4647,bautistachristopher@example.net,True
96,Wendy Young,8092247207424,75,A,001-272-923-6904x642,adam70@example.com,True
97,Sally Ayala,4843344858535,55,A,001-540-928-8757x76649,andersondouglas@example.org,False
98,Christian Davidson,6556648651020,60,B,(296)743-8573x1506,amy44@example.org,True
99,Brian Davis,5191581423971,73,B,874.275.9262,bowenhector@example.org,False
100,Jennifer Bullock,8619265298667,55,B,239-982-3491x117,ericamcconnell@example.org,True
101,Larry Garcia,3124264352166,42,B,6897319033,lsherman@example.net,True
102,Sandra Russell,2622831298686,72,C,9562254094,nmartin@example.net,False
103,Aaron Clarke DDS,7512374740266,64,A,907.510.8976,rkaufman@example.com,True
104,Crystal Sutton,2601903637773,54,B,318-476-7097,ywilliams@example.org,True
105,Maria Gonzalez,3346359758443,52,B,001-920-582-8595x2623,alejandra35@example.org,True
106,Susan Church,2845738410235,80,A,935-521-7149,lroberts@example.org,True
107,Darius Owens,9148075057725,47,C,583-824-7271,evanslaura@example.com,True
108,Daisy Davidson,3435844745890,43,C,001-977-971-7468,leemichael@example.com,True
109,Linda Hopkins,5856071690459,24,B,881.573.9595x8380,raymond22@example.net,True
110,Kevin Fuller,5443475882579,46,B,694-576-0142x4932,kristina02@example.org,True
111,Lindsay Hull,7106276399735,73,A,(629)505-7505,phoffman@example.com,True
112,William Pollard,8858142889420,75,A,+1-811-439-5693,christyjohnson@example.org,True
113,Rebecca Evans,7527557088984,69,B,+1-582-288-8504x7335,michaelsullivan@example.net,True
114,Justin Byrd,4085679595083,65,B,(303)925-9527,owilson@example.net,True
115,Mr. Justin Fowler,1933011534251,72,A,3164900892,derekescobar@example.com,True
116,Molly Walker,7464581242072,35,B,7996441534,singhamber@example.net,True
117,Jill Lopez,7242645980877,45,C,001-492-605-3371x4178,rgreene@example.com,True
118,Jerry Dunn,9871929247938,77,A,703.225.5098x430,kristina08@example.com,True
119,Monica Walker,5516417894833,49,C,001-594-486-3789x3641,jacobcampbell@example.net,True
120,Elizabeth Reynolds,9241744475217,30,C,001-745-266-5441,jodyanderson@example.net,True
121,Jerry Edwards,1850340878904,61,C,2776492396,lopezmary@example.org,True
122,Regina Crawford,244805312420,18,C,(277)750-5365x289,jrios@example.org,True
123,Charles Edwards,9773018076799,34,A,+1-932-243-5638,mhampton@example.com,True
124,Martin Alexander,4212346068512,26,A,326.957.7627,joshuadavis@example.org,True
125,Hayden Martin,2267682191305,57,C,001-939-818-9364x726,tiffanygibbs@example.com,True
126,Robert Jones,2908656511000,74,B,(279)957-1293,alexandrataylor@example.org,False
127,Catherine Thomas,8429157414063,61,B,+1-492-289-7195,murphysabrina@example.com,False
128,Brenda Chavez,2880703219814,49,C,954-445-1291,amanda07@example.com,False
129,Denise Bryant,7380403462941,51,A,+1-468-540-3075x0127,schwartzwayne@example.net,True
130,Rebecca Avery,2454037730966,42,C,378.763.1576x81951,brooksstephanie@example.com,True
131,Kelsey Crane,7789174084325,20,B,(867)471-4353,davistammy@example.com,True
132,Johnny Burch,6604258904845,27,B,8008451246,rmorales@example.com,False
133,Sharon Friedman,4176237353302,29,B,001-779-236-1034x4422,elizabethherring@example.net,True
134,Lisa Velasquez,7611283129379,52,B,811.763.6296,robertriley@example.com,True
135,Marvin Perry,4705925802687,31,B,938.262.4678x01035,mreese@example.com,True
136,Nicole Schmidt,9600575662875,40,B,310.320.7853,xgoodwin@example.org,False
137,Amy Mccall,9009226043649,42,A,(533)516-6606,elizabeth80@example.org,True
138,Timothy Adams,3860987759025,68,B,241-758-1348x6562,gibbsemily@example.com,False
139,Brandi Watson,7463561271130,44,B,300.957.6398,david27@example.net,True
140,Jeffrey Smith,4765152050909,53,A,337.460.9446x5734,gibsonkiara@example.net,True
141,Hannah Thomas,8623630627586,27,C,310.812.2226x43736,carrolldiana@example.net,False
142,Larry Castaneda,7678569661391,50,B,+1-675-784-4737x6389,marshallkaren@example.org,True
143,Kathleen Taylor,9430166528915,23,C,602.595.2640,porterjacob@example.net,True
144,Stephen Evans,9386259966724,76,C,001-538-359-7114x2101,harperlori@example.org,True
145,Michele Stewart,127554814358,22,A,769.360.6282x460,theresa36@example.org,True
146,Jennifer Moore,8713252491386,66,A,(925)459-8168,tracikelly@example.org,True
147,Robert Rice,2265589958948,58,B,001-770-716-8864x88377,wolfernest@example.com,True
148,Zachary Torres,1739474781144,59,C,447-827-9956,williamsandre@example.org,True
149,Kristen Daniels,601985999857,55,B,589.431.9083,hwalker@example.com,True
150,Brandon Hayes,3026163830862,50,A,+1-477-949-6367,rodriguezxavier@example.net,True
151,Laura Hawkins,7520092450436,51,A,322-606-8250x501,seanwarren@example.net,False
152,Lisa Moreno,9934312079955,63,C,732-758-8026x03503,sierra39@example.com,False
153,Justin Pena,8859578938185,21,A,+1-415-472-5354,joshuataylor@example.org,True
154,Daniel Davis,3217763941750,42,C,6115445675,dennis42@example.org,True
155,Sandra Holmes,3126131293957,43,B,336-762-3582x201,thomas16@example.net,False
156,Cynthia Morris,1326541127222,72,B,001-457-419-5717x72828,noahking@example.net,True
157,Susan Flores,890089626525,41,C,5375523332,melissabuck@example.net,False
158,Erin Robinson,1436246742300,71,C,801.891.0003x99125,mendezmichael@example.com,True
159,Christine Davis,3108468193751,34,C,296-725-8733,randy41@example.org,True
160,Kelly Cantu,5882982788629,39,C,001-793-866-3529,randyrichardson@example.net,True
161,Lisa Gilmore,7826139049362,41,A,+1-758-303-3708x59963,rlee@example.net,False
162,Deborah Peterson,8077763972824,65,B,774.370.5319x104,fwatson@example.org,True
163,Mr. Ryan Blackwell,2887294143632,60,A,+1-287-506-1677,charles16@example.net,False
164,Dennis Martin,8692140125515,41,B,635-561-6505x1207,jenniferfreeman@example.net,True
165,Jacob Rice,7136630746719,24,C,622.408.7604x507,lsalas@example.net,False
166,Andrea Gutierrez,8199049443615,47,A,737.899.0274x429,amitchell@example.net,True
167,Taylor Daniels,2260402436648,44,A,001-516-644-1831x172,lopezmelissa@example.org,True
168,Daniel Marshall,2721102688800,63,C,001-368-898-5351x660,carolyn68@example.org,True
169,Jeffery Anderson,2132966819698,78,B,+1-266-766-8216,gaguilar@example.org,True
170,Karen Michael PhD,2630076799408,49,C,7067715301,katherinewilkins@example.com,True
171,Michelle Martin,8825456611507,61,B,+1-777-815-3182x26864,derekspencer@example.com,False
172,Jessica Rodriguez,6299995438168,53,A,518-231-7866,wilsonkimberly@example.org,True
173,Shawn Hobbs,3618959660638,41,C,001-617-823-1744,shannon28@example.net,True
174,Tami Smith,4223652974753,62,A,+1-944-712-9415x045,cmiller@example.net,True
175,Allen Moore,7353498942140,38,A,8532320814,anthony78@example.org,True
176,Andrea Moore,5632114075984,37,C,205-568-6917x861,angeladavis@example.org,True
177,Adam Fleming,9341560888257,66,C,(600)472-7213x49310,zjones@example.net,True
178,Alicia Clarke,7420435007005,52,B,001-900-672-1221,michellejohnson@example.com,True
179,Peter Graham,8425566370107,33,B,(842)376-9858,mcclureterri@example.org,True
180,Christopher Smith,2533464237859,71,C,001-235-863-6382x0741,justin59@example.net,True
181,Jacqueline Hernandez,3948471274667,80,A,330.411.2478x5335,christinamiller@example.com,True
182,Rodney Chen,4431707338447,20,C,(781)523-8371,dawnpowers@example.com,True
183,Denise Hill,2073845000736,80,C,(958)605-1875x14659,tracywilson@example.net,True
184,Bonnie Gomez,9602303888526,51,B,(840)848-2465x5058,tlloyd@example.net,False
185,Bianca Hendrix,358457316361,31,A,297-594-6869,ichen@example.org,False
186,Ruben Nguyen,9467142271376,51,C,550-586-0357x99728,cunninghamtimothy@example.com,True
187,Patrick Smith,1454996929441,41,A,(911)315-9764,elizabeth99@example.com,False
188,Chris Rodriguez,3451158252632,42,B,690.814.3769,briancarter@example.com,True
189,Patricia Thornton,4922653717075,18,C,(515)366-0485,nicholas70@example.com,True
190,Sandra Russo,9390982734052,73,A,4569963029,reedcameron@example.net,True
191,David Trujillo,401254460922,66,B,001-300-676-1804x267,hermancarolyn@example.org,True
192,Joseph Greene,7031984258052,75,A,749.203.4185x93291,brendaperez@example.org,False
193,Randy Lee,3856123658411,20,A,976.355.0846,hallallison@example.org,True
194,James Howard,1739061348972,31,A,(984)528-3409x07800,dscott@example.net,True
195,Gregory Sullivan,5791570286563,62,C,808-208-6995x8513,fcopeland@example.com,True
196,Dana Willis,8613172748530,21,B,237-442-0888x1240,jamessantiago@example.org,True
197,Michael Rivera,8787700463482,63,B,(652)215-0624,davisdustin@example.com,True
198,Gregory Warren,5551483053668,40,B,(486)638-6164,rachelgonzalez@example.com,True
199,Shawn King,6153455348014,59,B,337.973.9134,burnsmaria@example.net,True
200,Natasha James,6481416813804,68,A,451-947-5836,zgonzalez@example.com,True
201,Maxwell Acevedo,3963778087531,71,A,(548)359-1728,michaelroberts@example.net,True
202,Andrew Beltran,1626521957880,30,C,(992)873-1899,amandahunt@example.net,True
203,David Rodriguez,286705213540,70,A,6975259108,wrightanna@example.org,False
204,Kerry Hayes,8310974815309,65,B,001-256-525-9368,ortizandre@example.net,True
205,David Adams,4092917068673,48,B,001-718-280-4861x9433,karenmartin@example.org,True
206,Sarah Lee,3072890949438,65,B,705.494.4198,bassnicholas@example.com,False
207,Ashley Crawford DVM,8210774909389,43,C,2757232261,amcconnell@example.com,True
208,Daniel Blackburn,9732517551242,76,C,001-629-489-7420x787,vgutierrez@example.org,True
209,Karen Nunez,7433049143719,28,A,888-911-9725x69634,buckleymichele@example.org,False
210,Steve Ward,1135596687104,37,B,302.517.4813,hendersonscott@example.net,True
211,Mikayla Barrett,5308955504214,74,B,406-827-7041x1398,shirleyhaley@example.net,True
212,Michael Andrews,4888908623071,78,C,655-272-5946x449,xcoleman@example.net,False
213,Phillip Chase,7602210983610,45,B,001-912-888-0877,steven83@example.net,True
214,Cody Wolf,9959939632789,52,A,+1-255-598-7423x855,christinaleach@example.org,False
215,Jessica Gonzales,4740255618359,72,C,(558)577-3835x579,thomas72@example.org,False
216,Jason Aguirre,4022129570209,38,B,754-948-1023x74640,jacksonjessica@example.net,True
217,Lisa Rocha,235997666595,61,A,485-750-5570,steven09@example.org,True
218,Megan Griffin,441710973871,39,B,(640)676-5327x680,deborahdavid@example.com,True
219,Tyler Hendrix,8793429044419,19,C,773.988.2102x7689,perezdavid@example.com,True
220,Matthew Smith,5873283407224,80,B,3786817007,teresa16@example.org,False
221,Heidi Hoffman,5796126777275,76,A,(837)282-4682,uwilliams@example.com,True
222,Amanda Morgan,5704853408387,77,C,(502)342-3868,jonathan60@example.com,True
223,Taylor Johnson,6138095769194,49,B,001-917-907-3398x12322,woodsylvia@example.net,True
224,Kristine Ramos,6559880040176,25,B,904.932.2276x7191,aprilcain@example.org,False
225,Justin Dickerson,7374596406446,35,C,832.707.9347,hmolina@example.org,False
226,Juan Vasquez,4722948637475,70,A,001-320-631-9588x91151,rodriguezangel@example.net,True
227,Kevin Richardson,3729667200669,76,A,349-890-2139x1400,carterlindsay@example.com,True
228,Monique Hoffman,1740184013231,33,C,(228)327-5348x129,ydelacruz@example.org,True
229,Joseph Rogers,4128921252948,29,A,333-739-7853x7899,kristinhill@example.com,True
230,Ryan Juarez,5354174702265,19,A,001-436-381-8350x13597,oray@example.com,True
231,Mikayla Thomas,4143815170703,18,A,+1-490-931-8563x74483,zking@example.org,True
232,Wendy Sanchez,1800300786501,53,C,+1-728-697-0439x02761,ttucker@example.com,False
233,Ashley Roberts,929423130805,20,B,4526588052,jessicaleon@example.net,False
234,Drew Chung,6048062969288,54,C,(839)225-3690x21352,gouldalexa@example.org,True
235,Perry Mclean,8768295813355,28,B,+1-234-485-1947x80225,jennifer43@example.net,True
236,Roger Jones,5835314453930,72,A,209-664-4622x58993,igreene@example.com,True
237,Theresa Lozano,841247493980,31,A,001-924-695-7453,williamsmary@example.net,True
238,Mackenzie Evans,1529191087383,42,B,+1-935-515-3783,dhoover@example.net,True
239,Danielle Keller,9917959052139,41,C,8456471880,perrythomas@example.net,True
240,Joshua Hall,6675475290938,58,C,(737)780-7177x815,martin86@example.com,True
241,Joseph Skinner,777817139872,22,B,001-286-422-8167x294,valerietrevino@example.com,True
242,Mark Edwards,5783712841965,45,B,766.581.2856x57768,rodriguezmadeline@example.com,True
243,Kathryn Fry,3224491428388,46,C,001-253-816-3625x034,corycarter@example.net,False
244,Bridget Smith MD,2915961787241,21,B,285.863.8654x5036,louisbass@example.com,False
245,Eric Taylor,3549983406762,22,A,700.933.0373x9942,apeterson@example.org,False
246,Walter Rivera,5700545190359,67,C,001-989-987-2078x02080,wiseashley@example.org,True
247,Gregory Lane,2170409945496,47,B,255-760-8909,michaelmichael@example.org,True
248,Michael Bishop,5114990437092,20,C,+1-219-435-4002x681,drussell@example.org,True
249,Marcus Davis,6318599711111,24,B,+1-980-499-1412,hleon@example.com,True
250,Charles Ellis,5179093074856,26,C,(891)929-4234x91398,rbradley@example.org,True
251,Lori Simmons,8306075553316,38,C,810.297.7881,aaronblair@example.org,True
252,Stephanie Moreno,1350686526988,46,A,001-935-872-3263x93103,pagedennis@example.org,True
253,Caitlin Wells,3615931854362,58,B,+1-683-298-6694x1509,anthonyamanda@example.net,False
254,Patrick Kelly Jr.,8832407474750,73,B,349-967-5366x98562,cookjames@example.net,True
255,Kevin Martin,8615557759780,78,A,847-507-7723,mcknightsteven@example.org,False
256,Brandon Solomon,113598337541,59,A,+1-564-207-3260x205,burnettdustin@example.net,True
257,Bruce Cook,6080942203138,36,A,672.961.1164x1512,lauren04@example.com,True
258,Joshua Fields,2623275793522,37,B,+1-921-843-4862x147,hallmelissa@example.org,True
259,Wanda Chandler,2480834132309,63,B,+1-200-789-6848x77242,bryan28@example.net,True
260,Ryan Mcintosh,1757654392803,28,B,001-331-577-8531x8257,robert89@example.net,True
261,Joshua Hart DVM,2799435261048,46,B,602-531-1983,ibryant@example.net,True
262,Joshua Lozano,1632943292259,74,B,+1-221-952-5837x032,robert50@example.net,True
263,William Wallace,6751082450089,46,B,+1-976-757-5234x16859,valerie79@example.org,True
264,John Castillo,2572379424641,68,B,+1-626-609-4645x19926,annettemacdonald@example.org,True
265,Randall Booth,5704150450809,19,B,(545)978-2802x7395,leecynthia@example.org,True
266,Brett Garcia,1961764088565,56,C,208.909.3079x02563,smoore@example.org,True
267,Michael Rogers,533221123520,75,C,539.581.2857x7978,jason17@example.net,True
268,Michael Velazquez,667099396262,30,A,+1-498-913-4893x44118,danny87@example.com,False
269,Melanie Ramsey,6583192526579,50,C,+1-349-362-3130x2411,xflores@example.org,True
270,Joshua Park,149445191449,20,C,(798)818-2683x654,sandramorales@example.org,True
271,Matthew Taylor,5323602421673,51,B,387-987-7994x220,kbrown@example.com,False
272,Angela Taylor,6281007516111,80,B,+1-691-231-3896,jimmy28@example.org,True
273,Christopher Wong,9996866060391,65,A,001-531-356-0339,yberg@example.net,True
274,Elizabeth Young,8686366330487,55,A,439-932-6051x0915,kingstephen@example.net,True
275,Lisa Castillo,2654201690574,32,B,001-264-328-7261x0145,balljonathon@example.com,True
276,Alyssa Mejia,6916262990684,32,B,+1-715-279-6823x52824,cynthiagarrison@example.org,True
277,Paul Peters,104327568761,69,B,9578689337,raymondwagner@example.com,True
278,Carla Johnson,5603219403661,35,B,(691)222-7605x925,westjoanne@example.org,True
279,James Matthews,2218012557301,43,A,233.825.1407x3971,kimberly55@example.net,False
280,Brian Moran MD,2991895772973,62,B,2015576087,mark78@example.org,True
281,Patricia Stout,4029150840389,28,B,001-935-402-3404x1266,upowell@example.org,True
282,Colleen Burke,149578329958,48,C,+1-730-671-6343x5807,kathy87@example.org,True
283,Kayla Scott,8587228973084,80,A,811.583.0992,jkramer@example.com,True
284,Joshua Romero,6039897166825,63,C,695.851.8690x770,hutchinsonaaron@example.org,False
285,Calvin Scott,4532042430217,48,C,324.454.4996x922,amychavez@example.net,True
286,Patricia Good,528402062595,41,C,(883)824-5416x8031,laurenjohnson@example.com,True
287,Corey Ramsey,6188579461133,79,C,+1-304-625-5193x56272,jimtapia@example.com,True
288,Christopher Baker,7677306918461,25,B,001-514-677-0666x7337,harrisonrebecca@example.com,True
289,Amy Winters,6146817427635,80,B,(539)672-1583,john21@example.com,True
290,Julie King,4528366816677,45,B,565.805.8496,kharmon@example.org,False
291,Sara Rodgers,6102417354990,34,C,923.857.2704,njacobs@example.com,True
292,Jennifer Khan,4659561164974,60,B,(491)485-0189x611,gordondiana@example.net,False
293,David Johnson,3628492601039,45,B,+1-801-938-9085x3454,qwells@example.org,True
294,Beth Walker MD,5056763061404,53,B,(238)463-9351x3714,cindyspencer@example.com,True
295,Julie Gray,3865185208356,24,C,001-208-506-5613x4430,bruce39@example.net,True
296,Nathan Mckenzie,6287860779849,73,B,961-905-6329x07622,reginagomez@example.net,False
297,Brad Carter,8491164699495,71,A,001-608-521-2861x0322,zwhite@example.org,False
298,Sheila Wells,6057999852226,34,B,(435)223-2575x959,jorge84@example.net,True
299,Zachary Stevenson,4766405784472,18,A,691-342-0778,ssmith@example.net,True
300,Matthew Vasquez,9585747685017,36,B,4914168564,hsmith@example.org,False
301,Michelle Barrera,56923188369,80,B,8166717019,steelemichelle@example.net,True
302,Rachel Patterson,4027230999982,33,B,001-676-357-2427x59019,daniel98@example.org,True
303,Brenda Herrera,6887376203001,48,B,367-800-6089,charlesjohnson@example.net,True
304,Thomas Hicks,5129802300262,35,B,341.805.6861x24996,harperkyle@example.com,False
305,Taylor Johnson,3904358001287,40,A,+1-273-831-7386,morgangabriel@example.net,True
306,William Mcclure,8474393176851,27,A,001-573-333-8840,jwalker@example.com,True
307,William Cole,2102116571908,33,B,(508)599-6674,henrythomas@example.net,True
308,Melissa Bailey,1431749808953,32,B,5933029951,alexa99@example.net,False
309,Christine Garcia,3866670960648,63,B,448-766-3185,fordjames@example.org,True
310,Marc Burke,2183145151444,32,B,2846065092,plane@example.com,True
311,Tiffany Cox,3396839446499,51,A,(253)351-5653,uyoung@example.com,True
312,Jessica Stewart,6334373188453,24,A,(397)231-1762x248,veronicadunn@example.net,False
313,Amanda Martin,5943706371624,39,B,(477)800-1775x9423,lopezstephen@example.com,True
314,Patricia Hanson,2739539040323,60,A,+1-651-648-1252x666,evelyn14@example.org,False
315,Teresa Shah,3104209767631,22,C,287.670.2883,thomas30@example.com,True
316,Scott Blankenship,2726296375590,70,B,317-359-9221,isaiah49@example.com,False
317,Jessica Moore,8852727922712,21,C,670-236-3472,brittany96@example.com,True
318,Valerie Carter,4187446417053,33,C,7985708698,dtaylor@example.org,False
319,Stephanie Torres,68560118528,76,A,614.501.2559x72579,melissa86@example.org,True
320,Samantha Curry,3855218035106,20,A,+1-268-971-6760x865,yangjason@example.net,True
321,Natalie Harris,832193311930,78,A,+1-720-889-0562,moorefernando@example.com,True
322,Crystal Velez,2946161483027,21,A,(556)705-0510x334,qmartinez@example.net,False
323,Scott Cabrera,9639710563742,31,C,(791)711-4470x50008,allison44@example.org,True
324,Steven Woodard,345694757340,58,C,217-845-8445,kimlaura@example.com,True
325,Dr. Dustin Robertson,7722713922384,24,B,+1-550-700-8639x1174,qjimenez@example.net,True
326,Joel Forbes,6724907476383,26,B,001-888-490-6382,isaiahmeyer@example.org,True
327,William Wilson,3552786124956,27,C,5982169386,maddenpamela@example.com,True
328,Sarah Green,9603791839444,46,B,674.688.3940,sandra95@example.net,True
329,Diane Griffin MD,9040765242368,62,A,845-845-2765x6234,nathan00@example.org,True
330,Savannah Stuart,7025115683180,80,A,694.815.5583,gilespenny@example.com,True
331,Dennis Archer,2098147137937,47,B,484-210-6570,blacksean@example.org,True
332,Angela Phillips,2465660006462,19,B,(879)917-2356x53326,reyesbrian@example.com,True
333,Jonathan Hensley,2204663591871,21,A,690-532-2406,gray@example.net,True
334,Kristen Wagner,9282102851696,33,A,001-615-581-0115x257,zblackwell@example.org,False
335,Travis Mcintosh,7329493218286,18,B,(965)200-8013x82960,michael11@example.com,True
336,Laura Fuentes,7194032075604,68,B,439.935.2344,huangalexander@example.org,True
337,Logan Dean,2641325814883,74,A,(889)436-4202,stephanie70@example.com,True
338,Dean Brooks,7475294319549,40,C,001-636-945-4618x17722,lgreene@example.org,False
339,Bailey Lopez,8985380457293,79,A,(228)395-4686x62128,davismichelle@example.org,True
340,Sarah Taylor,9979665781113,40,A,+1-510-267-2717x0507,adamsimmons@example.com,True
341,Cheryl Sanchez,9241872742153,65,B,(285)264-0453,smithlaura@example.com,True
342,Edward Burgess,979808359786,33,B,351.318.7536,hamptonchristina@example.net,True
343,Lisa Wilson,9439302555286,61,B,603.629.2346x887,kylewhite@example.org,True
344,Anthony West,2310673136729,20,B,+1-998-548-9522x407,bjones@example.org,True
345,Jessica French,8443161839866,32,A,001-620-360-9356x534,steven41@example.org,True
346,Mary Warren,5780218236701,34,B,(841)605-5645x70078,tracyrobinson@example.com,True
347,Brian Noble,5739396467047,45,C,6483557593,vflowers@example.net,False
348,Adam Johnson,4443893508491,58,A,459-551-2888x687,jameslee@example.com,True
349,Shannon Holland,7986192788159,67,B,001-427-502-3068x31921,evansscott@example.net,True
350,James James,478037526893,50,A,(517)451-4427x31053,geoffreyschroeder@example.net,True
351,Joseph Acosta,5320672483693,39,A,776-839-9539x410,karen62@example.com,True
352,Kristin Butler,7856196278101,40,C,645.313.1672x86279,holmesmelanie@example.com,True
353,Anthony Wall,7930982983083,46,C,001-948-566-7366,schroederchristopher@example.net,True
354,Timothy Massey,4511604383625,69,C,001-544-745-5278x539,vbrooks@example.net,True
355,Robert Ferrell,6874146055386,75,A,(323)390-7143x725,gbutler@example.com,True
356,Cristian Taylor,4563794539312,54,C,6207139417,jonesmichael@example.com,True
357,Christopher Bailey,6132716603589,72,C,001-452-728-5888x9119,brenda71@example.org,True
358,Teresa Powell,3488563128275,18,B,001-222-791-2573x52513,adam08@example.org,True
359,Christine Bentley,6191414984403,26,C,(510)275-8120,kinglindsay@example.net,True
360,Brian Olson,3452624689193,26,B,887.940.4748x9728,janetrice@example.com,True
361,Mary Perez,1016569386775,26,C,(434)531-8665x1617,jnguyen@example.net,False
362,Hunter Malone,4583645889859,71,B,+1-598-513-0647x81881,qallen@example.com,False
363,Stacey Chandler,2149048859444,21,A,+1-557-946-1342x26504,cmartinez@example.com,False
364,Julie Cuevas,9423801197068,73,B,460.992.6325x34073,leslie75@example.org,True
365,Anthony Washington,5088270607311,18,B,+1-983-716-8066x53559,eddie56@example.net,True
366,Ashley Fisher,5350460997837,25,A,(846)420-6446,qsmith@example.net,True
367,Joanna Miller,9959854333755,53,A,672.627.2069,ayerssteven@example.net,True
368,Billy Beck,3344489279307,41,C,001-658-212-7665,matthewpennington@example.org,True
369,John Clark,220111974177,44,B,+1-408-868-7638x62819,howardelizabeth@example.com,True
370,Melinda Fowler,4477973566478,69,B,4239533223,xvance@example.net,True
371,Richard Price,3928155196810,44,B,001-801-541-6934,hernandezphillip@example.org,True
372,Michael Schmidt,9648055667599,70,A,+1-247-364-6874x277,xlambert@example.org,True
373,Mrs. Karen Paul,6228429556808,24,C,+1-953-632-5924,gibsonmichael@example.com,True
374,Marcus Campbell,4931794685400,53,C,418.436.6410,bwilliams@example.net,True
375,Rachel Scott,4357131210588,66,C,001-259-256-3012x8532,ashleyhubbard@example.org,True
376,Kristina Singh,2519218823735,22,A,958-769-3490x145,robert24@example.org,True
377,Robert Burgess,2129335608470,79,A,672-772-8731x7942,baxtervictor@example.net,True
378,Bradley Shaffer,4406863295428,74,A,222-247-6949x9659,samantha44@example.org,True
379,Nathan Peterson,4529429473367,60,B,001-294-734-9873x8543,colincarr@example.org,False
380,Mr. Casey Stewart,1132463502655,21,A,001-726-712-8020,rebecca59@example.com,False
381,Christina Wright,8798521244546,20,C,(243)424-7679,evelyn87@example.com,True
382,Samantha Daniels,6315338126040,35,C,+1-478-258-8759x21410,awhite@example.org,True
383,Brian Montgomery,772557556610,31,B,(235)562-7055x458,cody98@example.com,True
384,Shannon Griffith,6248835008250,24,B,799.379.8813x0191,xsherman@example.org,False
385,William Ho,4540058825179,24,C,001-726-897-2176x281,crodriguez@example.net,True
386,Frank Anderson,8601875490098,24,C,365-241-0179x90277,justin50@example.com,True
387,Scott Williams,794824063481,21,A,(990)582-4090x77009,kennethrivas@example.net,False
388,Jordan Murphy,6351787996453,62,C,+1-267-928-4860,tammyandersen@example.org,True
389,Steven Ibarra,2992972405119,50,A,835-518-9645x297,jack00@example.net,False
390,Laurie Campbell,6219585054462,31,C,353-986-4270x963,theresawalsh@example.net,True
391,Jennifer Huffman,1135822410896,28,C,(303)663-6247x07897,dayrobert@example.com,True
392,David Underwood,1072591653184,66,A,(210)994-4932x116,olucero@example.net,True
393,Daniel Willis,6386349912156,54,B,375.780.5287x286,glennrivera@example.net,False
394,Ryan Kelly,3042309320870,25,B,001-361-295-7235x24606,smithvincent@example.org,False
395,Tiffany Simpson,2668305371563,27,B,7582930435,andrew90@example.org,True
396,Robert Green,2943585860491,80,B,(410)853-0460x6496,taylorcarla@example.org,True
397,Joshua Hines,811366506635,43,B,(293)628-9865x2208,ikelly@example.org,True
398,Anthony Miranda,4463065776258,56,B,(235)861-4891x1642,vasquezchristopher@example.com,True
399,Tommy Smith,540840751942,40,B,245-554-5892x21584,crystal39@example.net,True
400,Andrew Lozano,1589197416101,60,A,(836)889-6543x9444,escobarkyle@example.com,True
401,Jackie Martin,2618937727814,49,C,+1-908-834-5937x6834,nguyenashley@example.org,False
402,Mrs. Traci Lopez MD,6704922093367,42,A,(488)736-6604,larry93@example.org,True
403,Antonio Tyler,5036139715547,58,B,001-567-279-7738x327,john59@example.net,True
404,Amanda Griffin,7038496568315,65,B,993.656.5446x573,destiny82@example.net,True
405,James Guzman,6265485315808,64,C,+1-745-257-9812x37396,aberg@example.net,False
406,Jesse Johnson,1225665030127,76,A,+1-307-285-8332x7891,katherinepark@example.com,True
407,Joseph Carlson,253197505474,22,B,627.368.7623,alicia29@example.net,False
408,Patricia Kelly,4163023997664,66,A,001-457-423-5296x9727,graykristy@example.net,True
409,Joseph Miles,2112870854722,72,C,+1-567-238-7868x197,gguzman@example.net,True
410,Nicole Santiago,3331633621956,66,A,6187437440,stewartadam@example.org,True
411,Michael Hawkins,8326544614251,47,A,001-492-432-2831,sheilarussell@example.com,True
412,Rebecca Diaz MD,1167889796259,55,C,001-810-680-7325x5323,shannonanderson@example.net,True
413,Zachary Rivera,691299546841,71,A,(462)277-5400,kimberlygraham@example.org,False
414,Veronica Jordan,2688676793964,58,B,001-616-934-9898x745,boydstacey@example.org,True
415,Haley Coleman,1039693919246,38,B,821.834.6251x464,jason76@example.net,True
416,Brittany Hunt,1024843583995,37,B,+1-962-517-2369x9701,david15@example.org,True
417,Katherine Taylor,9000638210505,35,C,+1-506-782-9238x456,masondiana@example.com,False
418,Angela Martin,9759675439153,70,B,(613)872-9614x51639,xrich@example.net,True
419,Julie Woodard,6281984364897,67,C,363-830-5209,websterchristopher@example.org,True
420,Jason Pittman,8038484120876,26,C,(643)234-8484x95247,raymond25@example.org,False
421,Jennifer Lewis,8427027096978,36,C,4817385249,taragay@example.net,False
422,Michael Pierce,7490541150083,60,C,(326)418-6336x639,patrick44@example.org,True
423,Karen Lee,2294189587419,65,C,+1-599-882-3660x16261,samantha69@example.org,True
424,Douglas Shepherd,4742058684654,50,B,(300)270-3020x83863,julia37@example.org,True
425,Cindy Prince,5983324512130,28,C,477.528.0312x71061,vsoto@example.net,True
426,Christopher Daniels PhD,4080744341446,20,C,900-303-2850x731,glenarmstrong@example.net,True
427,Joseph Park,6219836293090,48,C,4578937403,fisherlinda@example.org,True
428,Michael Anderson,5907579072399,72,A,346-740-5349x8269,william70@example.net,True
429,Mr. Christopher Ruiz,988248463041,39,A,589-759-7455x30962,qthomas@example.net,True
430,Christina Kramer,3233432553608,74,C,266.904.9073,gouldjeffrey@example.net,True
431,Kevin Merritt,2886494972739,40,B,+1-645-204-5475,pliu@example.org,True
432,John Fields,9488018479518,38,B,(390)248-5766x4173,lopezamy@example.net,True
433,Tracy Payne,9924814062502,47,C,(432)694-7382x90688,zacharyriley@example.com,False
434,Justin Thompson,7828927787901,60,B,+1-684-882-6170x201,mayosara@example.com,True
435,Joyce Baird,4348769891476,31,A,309.373.9029x476,pspencer@example.net,True
436,Sheila Hancock,5309885161877,47,A,(624)201-1555x3245,jmoss@example.org,True
437,William Turner,4317022175399,78,B,(572)407-6591x98832,troymarshall@example.org,True
438,Sally Donaldson,9422072486069,59,B,001-270-741-7105x81887,myerssusan@example.net,True
439,Amber Murphy,9389683419483,69,A,717.401.6655,barrerajason@example.org,False
440,Kimberly Mckee,9001299291300,50,B,7175008992,othompson@example.com,True
441,Amber Brown,3632732633523,26,C,783.802.0786,martinezchristopher@example.com,True
442,Robert Mcdonald,6163610721099,37,A,+1-334-422-4554x637,frostmicheal@example.org,False
443,Paul Lewis,5129892326918,71,A,376-876-7651,cheyennemartin@example.net,True
444,Aaron Poole,716269663684,64,B,5887741689,jamesanderson@example.com,True
445,Theodore Salas,808393391684,21,B,896.351.3330x236,donaldsonamy@example.com,True
446,Mark Smith,7993441802504,59,B,7705649989,laurennelson@example.com,True
447,Jennifer Mills,6484175554091,36,B,(883)221-7708x6688,tracy95@example.org,True
448,Lynn Hines,3367813416461,61,A,511.926.6423x7189,uhall@example.com,True
449,Terry Taylor,2289020431381,18,A,(773)413-2431x06758,marcus94@example.org,True
450,Crystal Howard,8963475300788,27,A,214.552.8459x4215,xgeorge@example.net,True
451,Timothy Olson IV,1441330806001,80,C,915-715-0215,warddonald@example.net,True
452,Monique Welch,2550296292118,24,C,7236751129,brianruiz@example.org,False
453,Laura Garcia,4393432294411,64,B,938.595.8497,christopher49@example.net,False
454,Madison Larson,1463928685648,58,C,615-280-6168x7078,anita56@example.com,True
455,Kathy Luna,5762939906896,76,B,839-208-4986x8975,silvaryan@example.org,True
456,Thomas Preston,5263039002427,57,C,+1-513-895-1970x42408,bakershelia@example.com,True
457,Miranda Freeman,6790389573765,73,A,001-468-427-1781x97636,michaeltorres@example.org,True
458,Deborah Hansen,3028334132355,49,A,(810)715-6641,phillipsbenjamin@example.net,True
459,Sean Fox,1709698501181,53,B,+1-697-705-5519,ricejames@example.com,True
460,Melissa Miller,3655273497116,49,A,(949)254-4003x77432,wgonzalez@example.com,False
461,Brandon Jones,412210738493,41,B,+1-424-275-6983,jonathon11@example.net,True
462,Ryan Johnson,4905938542504,31,A,001-301-989-5432x63149,jameslarson@example.net,True
463,Ashley Williams,1459112559531,78,B,952.900.1696x56711,kmccarthy@example.org,True
464,Albert Maynard,5164928496559,48,C,951-220-9764x2672,robinsonbrianna@example.org,True
465,Yolanda Mason,2042293472303,25,A,(287)792-7443x84061,karenmorgan@example.org,True
466,John Garcia,4475406708197,25,A,559.415.3236x832,simmonsdavid@example.net,False
467,Eric Ali,465768401647,68,C,656.381.4281x9375,gilesjacob@example.net,True
468,Tammie Blanchard,3985088252458,65,C,229-398-7188x852,jgibson@example.com,True
469,Michael Phillips,5848739216414,75,A,(951)358-7513,ellen59@example.com,True
470,Emily Harris,5158312051492,78,B,+1-247-361-7650x779,fbass@example.com,True
471,Lisa Higgins,3753364019388,77,C,710-561-8961x0744,ericcastillo@example.com,False
472,Brian Owens,9005161032191,33,B,5702790371,steven38@example.org,True
473,Sarah Clark,3931406039641,41,C,+1-748-754-8372x9688,chadgriffith@example.net,True
474,Stephanie Willis,2388189381240,47,B,315-334-9144x00168,wilsonchelsea@example.org,True
475,Desiree Walsh,3554981737806,59,A,2138718136,carlnelson@example.com,True
476,Andrea Gill,2118860756424,37,B,(617)309-0653,saunderscourtney@example.net,True
477,Lisa Wilson,9187161996967,68,C,6213237226,johnhayes@example.net,False
478,Victoria Gonzalez,7177925049378,56,B,691-720-1761x554,harrisjenny@example.net,False
479,Michael Brooks,2799031419121,66,A,001-649-683-0068x058,smithpaula@example.org,False
480,Jessica Martin,5204059205495,78,B,+1-490-287-4338x4942,kristina53@example.net,True
481,Todd Hopkins,1061707939121,65,C,+1-781-383-2882,wgomez@example.com,True
482,Nicole Brown,4640641639515,34,B,956.890.4818x021,phillipsdiana@example.net,True
483,Vanessa Mcdaniel,9274511246307,56,C,444-247-6197x8104,jennifer59@example.org,False
484,Carla Larson,2601249644252,71,A,707-368-1849x72912,nancywelch@example.net,True
485,Sara Morris,1579065068429,53,B,654.816.1047,tina07@example.com,True
486,Keith Peterson,6255000414971,73,B,001-796-933-9309x76424,christopher69@example.org,True
487,Brian Harvey,4598851919012,50,C,4628902461,jennifer50@example.org,True
488,Steven Lara,7016273129749,71,C,(698)508-8996,kevinashley@example.net,False
489,Tammy Williams,6483931318928,55,C,(497)922-7129x791,wilsonshannon@example.com,True
490,Lauren Mathis,5421288221620,55,C,228.948.1669,dixonjulie@example.com,True
491,Susan Bell,6801184478906,38,B,2129636628,blakearmstrong@example.net,True
492,Christine Brown,9388775639212,73,A,(677)617-9963,fchung@example.com,False
493,David Cooke,2314184479969,40,C,+1-850-655-5067,klittle@example.org,True
494,Justin Hall,8005370458603,29,C,2642526055,josephmays@example.org,True
495,Amanda Valdez,8461865191282,47,A,2515108421,clawrence@example.net,True
496,Scott Gutierrez,2305843939890,19,B,8438016748,lori46@example.org,True
497,Jason Oliver,4860493425373,73,C,+1-787-820-0392x971,cmason@example.org,True
498,Melissa Wright,217604255820,44,C,+1-312-472-3273x41969,fmorrison@example.com,False
499,Taylor Hamilton,5620608229463,52,B,+1-420-418-3764x7566,cynthia27@example.org,True
500,Jason Roberson,6193672824225,48,A,808.678.0237x7547,chelseamorris@example.net,True
501,Andre Beltran,5601792707035,53,C,(860)648-6553,kathrynstewart@example.net,True
502,Wendy Johnson,1711559008683,53,B,958.602.8824x1470,jhenry@example.com,True
503,Sean Wallace,9141841138393,21,B,474-295-5362x59493,bakerkyle@example.net,True
504,Charles Mays,7077854482586,25,C,749-208-6222x6331,melissamurphy@example.org,True
505,Andrew Russell,7534864965681,74,C,+1-454-773-3453,rachel67@example.org,True
506,Colin Moore,3908126466039,76,C,+1-378-759-8150x746,kennethrojas@example.org,False
507,Max Mckenzie,3572321929379,49,A,001-794-888-4608x6463,cjohnson@example.org,False
508,Anthony Russell,9844129158417,45,A,(266)263-0762x94966,kkelley@example.org,False
509,Mary Coleman,8461842357055,33,B,956-509-6704x44017,ucummings@example.org,True
510,Jill Novak,3114034865912,28,A,744.528.3648,hessamy@example.com,True
511,Margaret Alvarez,2068164001425,34,C,840.996.2565x1396,josephmartin@example.net,True
512,Elizabeth Frye,7374199415426,56,B,619-342-0689,erika98@example.com,True
513,Janice Martin,4041714916090,61,A,+1-234-959-8333,samantha36@example.com,True
514,Lynn Mitchell,1317981388127,22,B,594-370-0478,joseph92@example.org,True
515,Carrie Mitchell,4004044646971,49,B,216.456.6988,ksmith@example.org,True
516,Joshua Baxter,7302445509441,39,B,+1-391-253-8466x9927,wallaceaustin@example.org,False
517,Stephen Brown,6918483866466,71,B,001-530-319-3972,jessica65@example.org,False
518,Michael Paul,604451422372,68,C,+1-750-596-4492x40725,imelton@example.com,True
519,Melissa Mitchell,7072877039310,64,B,+1-972-830-2950,kevin08@example.org,True
520,Christopher Davis,2904155045921,28,A,323-604-2378,chall@example.com,True
521,Daniel Hogan,3950758876421,71,A,(332)890-8263x4076,fitzgeraldlaura@example.net,True
522,Randall Kelly,4731228796001,40,C,+1-907-840-5237x18625,charlesvance@example.org,True
523,Carolyn Lawson,6439379064548,30,C,(983)233-4240x659,brookemitchell@example.com,False
524,Darlene Walker,4304731282859,21,A,(566)329-9571x96489,martinezbrenda@example.org,True
525,Susan Navarro,7384903388179,28,C,(702)438-1485x3474,richardpadilla@example.net,True
526,Ryan Tran,4324578150041,27,B,(616)410-7512x64485,yjones@example.net,True
527,Amber Reyes,2378092056430,59,C,(803)934-0733x675,pauleaton@example.org,True
528,Sharon Oconnor,7015691193808,75,A,902-978-8968,melissa66@example.com,True
529,Anna Myers,1985069897396,45,B,389.637.0244x0479,lynchheather@example.net,True
530,Phillip Mckenzie,4963372710921,38,A,001-561-303-1522x880,kpham@example.org,False
531,Dylan Ferguson,592147782911,60,A,+1-777-602-0043x727,lindapeterson@example.net,True
532,Samantha Stewart,3747563530410,42,B,6177664163,melanieadkins@example.net,True
533,Michelle Boyer,3299848806763,47,A,482.859.8438x50718,nicholstony@example.com,False
534,Samantha Brooks,1502567305034,35,C,(374)399-7964x8931,hinesdarlene@example.com,True
535,Sarah Reese,5510154320159,20,A,+1-374-549-0160,sharihart@example.net,True
536,John Snyder,1086084463570,27,C,+1-435-929-3178x2383,robertmorris@example.net,True
537,Sandy Davies,8315089129429,28,B,341.612.3640,alan89@example.net,False
538,Jessica Lane,735565362660,63,C,712-456-7530x0243,heidi81@example.net,True
539,Sean Smith,3784960619150,80,C,(573)622-2217x8883,travis22@example.net,True
540,Charles Johnson,8225990369280,38,C,602.740.4262,elizabethwilliamson@example.com,True
541,Kevin Poole,2094935771256,52,A,001-220-778-5315x15873,tiffany86@example.net,True
542,John Beasley,9641880251779,21,B,(924)821-5654,smithcharles@example.com,True
543,Jack Schmitt,1671278540659,40,B,+1-913-942-0226,gregoryhuber@example.org,False
544,James Steele,4352149302737,23,B,+1-552-761-3612x1862,dennishinton@example.net,False
545,Dawn Anderson,2426981756786,76,C,+1-915-851-3301x901,ibowers@example.com,True
546,Matthew White,896967750912,42,C,631.807.5223,pattersonmelissa@example.com,True
547,Susan Schroeder,6585571735614,33,C,001-856-561-9423x8945,mchapman@example.org,True
548,Kevin Smith,2087387792247,80,A,879-517-1625x224,joshuacarter@example.org,True
549,Kimberly Meyer,5203037608108,51,B,001-460-566-1879x0371,johnsonaustin@example.org,False
550,Crystal Davis,5024995625443,65,A,826.448.1857x70960,odiaz@example.org,True
551,Elizabeth Chandler,9995609068824,59,B,(959)525-3241x942,kfernandez@example.org,True
552,Brian Robinson,2606518506983,39,A,+1-537-255-3168,williamslarry@example.net,True
553,Melissa Ferguson,9779138422432,60,C,(511)460-6484x83890,thomas03@example.net,False
554,William Mason,5769374896690,72,C,348-632-4026x08170,victoriadonaldson@example.com,True
555,Timothy Hernandez,505478232230,36,C,001-795-708-1450x20140,perkinskyle@example.com,True
556,Paula Jones,3739553862725,78,B,+1-577-883-1584,wthomas@example.org,True
557,Allen Roy,2579413295472,39,B,(993)904-8008x5549,michael69@example.com,True
558,James Avery,5321512522308,19,A,001-973-508-8037x845,zolsen@example.org,True
559,Stephanie Waters,5426072185347,18,C,001-763-338-1809,erubio@example.net,True
560,Jerry Acevedo,7722102726971,35,A,001-669-643-7692,taylortina@example.com,False
561,Catherine Hunter,2175928013356,48,B,001-453-880-5355x1149,keithallen@example.com,True
562,Erica Cox,1371321366624,39,C,845.289.3705x705,xoliver@example.net,True
563,Dawn Mayer,1565402562101,34,B,001-641-972-2635x6147,nicholas80@example.org,True
564,Jonathan Moses,7375704505467,61,C,225-587-7521,daviscorey@example.net,False
565,Louis Davidson,8152572386298,24,C,+1-445-414-6366x52143,wilsontracy@example.com,True
566,Patricia Fernandez,9019289515981,49,B,667-710-6932x16625,michelealexander@example.net,True
567,Christina Washington,8898336035195,65,C,001-809-509-0327x53446,zmaynard@example.org,False
568,Mary Cantu,3735919240048,39,C,+1-612-856-4301x52364,aprilharris@example.net,False
569,Desiree Taylor,2813349503026,80,C,(784)546-7681x40102,thall@example.org,True
570,Elizabeth Johnson,3749484237694,59,C,2733755493,serickson@example.org,True
571,Brandy Gordon,2667154130586,39,B,+1-979-252-8817x7812,joseph38@example.org,False
572,John Mathis,1160204679268,42,A,+1-291-357-9128,sharon84@example.net,True
573,Lisa Boyd,6766856626172,63,B,744-415-8508x009,msummers@example.org,True
574,Darryl Ramirez,2374361741855,55,B,597-553-2565x62594,elizabeth49@example.com,True
575,Steven Ortiz,6932260714811,25,A,+1-227-375-9364x8538,anelson@example.com,True
576,Cynthia Lee,9856360443534,30,A,001-762-369-2714,sullivanalec@example.org,True
577,Monique Rodgers,5903661894253,50,B,4177391874,melissagordon@example.com,False
578,Jason Rodriguez,8490943107173,58,C,391-909-7004x1297,hkelly@example.com,True
579,Lisa Cooper,137844127159,73,C,228-882-2737x442,morganmckenzie@example.org,True
580,Paul Anderson,3281878599808,46,C,001-457-765-2172x9753,leecruz@example.com,True
581,David Garrison,4036152699125,49,B,001-823-428-5825x5874,annette35@example.com,True
582,Timothy Jones,7357125142489,45,A,624-241-4307x2718,xmitchell@example.org,True
583,Aaron Campbell,6748421997848,73,C,882.367.7535x64882,xavier21@example.net,True
584,Marc Oliver,1046320232309,69,B,479.827.7821x8487,katelyn90@example.com,True
585,Amanda Hunt,5089566599500,38,B,(840)848-7321,cevans@example.org,True
586,Mrs. Stephanie Benjamin,374880505338,70,B,9116817039,rita13@example.net,True
587,Annette Lane,1689272995075,61,C,001-985-219-3137x891,hjohnson@example.org,False
588,Eric Thompson,8049315776378,38,B,(444)942-5965,melissaconley@example.com,False
589,Chris Olson,8417326967662,79,A,628.465.9306,melissa92@example.com,True
590,Anthony Adams MD,1362112759001,48,B,(938)856-1874,patricia75@example.org,True
591,Megan Lee,8113471229920,50,C,(488)624-1474x2691,spenceandrew@example.com,False
592,Andrew Villegas,8129779214881,68,A,001-968-399-5626x084,lucaslori@example.com,True
593,Ryan Thompson,6215259153879,78,B,(943)990-6602x96491,dalecooper@example.com,False
594,Steven Simon,26975316744,59,A,+1-979-946-1307,brandoncochran@example.net,True
595,David Allen,6274427375275,38,C,280-627-9456,gail90@example.org,False
596,Jennifer Cortez,1597509228491,38,B,001-679-796-3313x6926,joanharris@example.com,True
597,Melissa Barnett,8037965879749,41,A,9569360124,jeremyortega@example.org,True
598,Rebecca Jackson,2861385145194,69,C,617.943.1472x482,bwilson@example.com,False
599,Eric Williams,8907800985657,35,A,948-508-3131x17432,joshua10@example.com,True
600,Loretta Monroe,3539213122047,31,A,+1-930-871-1480x210,patricia00@example.com,True
601,Kelly Johnson DDS,6437163797294,62,C,873-873-8761x58888,justin44@example.net,True
602,Samuel Howard,9768274517592,28,B,549-470-9996,angelalittle@example.net,True
603,Sarah Parker,4031660984739,48,C,917.514.3215x3755,yolsen@example.net,True
604,Paul Martinez,3971305756847,36,A,437-651-2052x34441,cochransamuel@example.net,False
605,Wanda Kelly,6662502465244,31,A,(332)449-3327x69750,sfleming@example.org,True
606,Julie Martin,3577704855652,37,B,(425)725-1664x081,jamie59@example.net,True
607,Aaron Taylor,1752998950025,78,B,686.691.6369,cwilliams@example.com,True
608,Thomas Collins,2545532070641,49,C,+1-579-941-8920x24405,petersonkimberly@example.com,True
609,Colin Mckinney,6153904172758,19,C,001-361-289-6033,rossvictoria@example.org,False
610,Gary Miller,1481325352683,38,B,001-462-547-7065,joseph15@example.net,True
611,Nancy Nguyen,4644303148758,29,A,7894748048,parkeraaron@example.net,True
612,Dave White,9049176560484,72,B,(738)383-9752,annrogers@example.net,True
613,Denise Peters,7137388328794,43,C,+1-330-269-0966,madeline06@example.com,True
614,Nichole Sawyer,4839114915994,26,B,595.808.4937x08036,aprilmontgomery@example.com,False
615,Steven Wright,376823216517,47,A,001-404-416-7494,jordanshirley@example.org,True
616,Katrina Lee,2730434473586,26,A,+1-570-481-2669x4337,xcurry@example.com,True
617,Melissa Wheeler,531469906150,52,C,8842613010,meyeramanda@example.com,True
618,Alex Johnson,6320341586064,34,C,356-321-2603,hayleylewis@example.com,True
619,Donald Smith,179807693384,54,C,+1-658-588-2737,matthew14@example.com,True
620,Ashley Martin,5828726575380,40,C,+1-916-816-1062x4684,gedwards@example.net,True
621,Kathleen Garrett,9093854193111,19,A,772.240.8856x11636,stephenpace@example.net,True
622,David Hernandez,4352336614803,52,B,996.977.2192x1638,michaelzhang@example.com,True
623,Deanna Park,8997990391699,64,A,(336)777-7082x8334,jacksonholly@example.org,True
624,Patricia Baker,6832675086724,26,C,+1-823-841-5836x19601,jacobclark@example.com,False
625,Michael Roberson,7105932565467,59,B,432.904.7820,rita49@example.org,False
626,Mary Barnes,5546250389817,79,C,(382)562-2780x825,james31@example.com,True
627,Shannon Gonzalez,259392785,56,C,215-864-1458x381,nrobertson@example.net,False
628,Mackenzie Martinez,7990740989859,55,C,898.836.9649x05016,wshea@example.org,True
629,Donna Silva,5148717771513,21,A,590.217.7209,danielochoa@example.org,True
630,Daniel Jacobs,301697803773,40,B,(586)411-0995x213,zhunt@example.org,True
631,Karen Parker,4629044511295,49,C,(777)356-2622x517,teresaewing@example.com,True
632,Michael Thomas MD,9447030046301,50,A,(754)567-5880x6872,courtney85@example.net,True
633,Lori Taylor,2914634441880,34,C,726-544-6242x5229,craigronald@example.com,False
634,Crystal Garcia,3587953366653,34,C,001-772-604-4695x2782,hmartin@example.com,False
635,Kathryn Rubio,4139426735275,32,A,+1-722-340-0641x815,donovanbobby@example.net,False
636,Mark Morse,3656477535617,57,A,991.271.5085,wrightdebra@example.org,False
637,Amanda Reyes,447559820890,56,B,+1-757-383-2548x158,bethany48@example.com,True
638,Michael Henry,2144656667695,74,C,001-960-933-4348,gstanton@example.net,True
639,Rachel Garcia,405789348239,80,B,001-880-719-9470x9758,cunninghamsusan@example.org,True
640,Yvonne Mitchell,3759328779634,33,C,(474)695-3796x3120,ginacastillo@example.com,True
641,Laura Logan,9824566436610,52,C,(754)618-7986x90334,orose@example.net,True
642,Tyler Ross,7914536969170,59,B,711.450.0727,thomas93@example.net,True
643,Holly Holland,9236672140359,47,B,+1-262-219-7981x89554,walltina@example.com,True
644,Chad Hanson,810588279905,68,A,(226)641-5953,williamstokes@example.com,True
645,Carrie Ramirez,689567094281,69,C,935-918-0460x7039,michael86@example.com,True
646,Cindy Larson,9363961899832,39,C,001-746-965-5623x731,gloria43@example.net,True
647,Edward Mejia,7448373559481,39,A,(978)608-7981x3453,sheilaward@example.com,True
648,Ashley Howard,4589639915807,41,A,778.585.9795,carlosbest@example.net,True
649,Brian Moody,2724797891353,39,A,2962729023,julia69@example.net,True
650,Alexander Ross,385750617395,32,C,+1-242-250-1848x2642,jtran@example.org,False
651,Margaret Gray,6605950312734,52,B,001-891-780-9715x4417,barronaaron@example.net,False
652,Erik Garza,9359251476791,18,A,896-780-5884x01136,ostanton@example.org,True
653,Danny Edwards,7974580026462,56,A,806-805-7296,jmeza@example.net,False
654,Austin Alvarez,6630225957606,35,B,+1-322-257-6856x01101,cordovajenna@example.com,True
655,Colleen Martinez,900709809701,55,C,(771)322-5207x07701,dmcmillan@example.net,True
656,Cassandra Smith,5540992271622,22,B,+1-884-840-3315x1410,danielyu@example.org,False
657,Justin Gray,1180259923991,25,A,227-328-8986x779,jamesramirez@example.com,False
658,Eric Sanchez,2882844993093,48,C,+1-297-720-7601x376,xmartin@example.com,True
659,Maria Ellison,2603162771817,42,C,248-755-3790,gutierrezkatherine@example.com,True
660,Adam Cameron,4161661229879,38,C,001-518-456-9000,perrynicole@example.org,True
661,Vanessa Rodriguez,8433295740160,59,B,(533)364-1048x483,xtaylor@example.net,False
662,Makayla Taylor,1972617430487,38,C,4663682496,michaelelliott@example.com,True
663,Bryan Castro,7057521924811,64,A,466.562.0046,mcdonaldchristy@example.com,True
664,Stacy Davidson,118743759953,66,A,(299)385-2966x093,faith62@example.com,True
665,Cassandra Nelson,5675324846712,48,C,001-692-744-7885x28933,wrighttammie@example.org,False
666,Alyssa Henry,3278316931791,39,B,933.287.3487x57089,karenreed@example.com,False
667,Timothy Turner,485849173489,52,A,807.742.3326,lisa12@example.net,True
668,Danielle James,5281130265717,52,B,918.698.7113,leekatherine@example.net,True
669,Courtney Williams,3323623166244,33,C,886-362-7612,gonzalezann@example.net,True
670,Nathan Dunn,442648813455,72,C,(387)550-4771x9765,debrajohnson@example.com,True
671,Patrick Rice,8283453740267,65,B,+1-503-739-0265x4631,rmorris@example.com,True
672,Travis Wong,4708735282092,44,B,(726)834-4930,candicehill@example.com,True
673,John Roberts,6297192255508,64,A,839.389.5729x77055,eileenbrown@example.org,True
674,Christine Johnson,3423664620943,37,B,+1-949-894-3338x784,heather65@example.net,True
675,Alyssa Anderson,5577362343750,70,B,001-809-365-1834x4098,rickyavila@example.org,True
676,Alex Perez,9046415756445,55,B,001-885-495-9981x34542,mariahrodriguez@example.org,False
677,Crystal Peterson,8039486219055,19,C,001-902-703-8109,hensonpatrick@example.org,True
678,Erica Sawyer,79514257847,22,A,+1-540-738-9445,joshuawalker@example.com,False
679,James Perez,3254125842544,30,B,001-996-908-5051x981,nwilliams@example.org,True
680,Ashley Kramer,9295043325997,20,C,721.731.5081,rwhite@example.org,True
681,James Gallagher,9437659166844,39,B,001-921-824-6578x63084,rodriguezjeremy@example.com,True
682,Danielle Williams,8241628846385,25,B,001-282-656-2637x95864,sfletcher@example.org,True
683,Jeff Brooks,8919308639492,41,C,+1-360-978-8705,oward@example.net,True
684,Molly Hernandez,6197540172499,55,A,388.453.1309x43065,ewalker@example.com,True
685,Ryan Harmon,8808025500171,46,A,2312221294,riveraandrew@example.com,True
686,Daniel Pena,301611667928,61,A,587.741.5031,cummingsmichelle@example.org,False
687,Daniel Cline,9157796794713,57,C,884-456-7599,campbellalan@example.com,False
688,Gabriel Glenn,8019790386257,68,C,536.397.4460,allison63@example.org,True
689,Tamara Vincent,7872109463132,54,C,582.688.4925x439,bmartin@example.net,True
690,John Snow,5981895478730,48,B,+1-456-827-6697x2865,xcarson@example.org,True
691,Alexander Fox,8707239707877,59,C,552.640.3625x238,jacobstiffany@example.net,False
692,Stephanie Flowers,1810990636691,23,B,+1-693-442-2330x3847,williamwilson@example.com,True
693,Jeffery Reynolds,3930176088486,51,A,001-489-875-4117x1770,shawsabrina@example.com,True
694,Timothy Johnson,8345734202049,53,C,8287487447,gabrielwright@example.net,True
695,Gregory Fisher,8813340189558,23,B,690.753.5146x635,olivermichelle@example.net,False
696,Mariah Torres,9405997386163,58,A,212.741.5546x73959,millermichael@example.net,True
697,David Cameron,3080172438571,25,B,(825)943-7544x142,esingh@example.net,True
698,Steve Walls,5648810705262,43,B,314.996.8584,sherrygardner@example.org,True
699,James Garcia,3236600791467,76,B,001-747-362-5329,hrodriguez@example.org,True
700,Autumn Daniels,9737305327462,32,B,+1-766-220-4872x705,laura90@example.net,True
