"id","nombre","precio","precio_al_por_mayor","descripcion","categoria"
"1","Laptop","229.82","349.58","Portátil de alta gama para profesionales y gamers","Electronica"
"2","Laptop","229.82","349.58","Portátil de alta gama para profesionales y gamers","Electronica"
"3","Laptop","229.82","349.58","Portátil de alta gama para profesionales y gamers","Electronica"
"4","Laptop","229.82","349.58","Portátil de alta gama para profesionales y gamers","Electronica"
"5","Laptop","229.82","349.58","Portátil de alta gama para profesionales y gamers","Electronica"
"6","Laptop","229.82","349.58","Portátil de alta gama para profesionales y gamers","Electronica"
"7","Laptop","229.82","349.58","Portátil de alta gama para profesionales y gamers","Electronica"
"8","Laptop","229.82","349.58","Portátil de alta gama para profesionales y gamers","Electronica"
"9","Laptop","229.82","349.58","Portátil de alta gama para profesionales y gamers","Electronica"
"10","Laptop","229.82","349.58","Portátil de alta gama para profesionales y gamers","Electronica"
"11","Laptop","229.82","349.58","Portátil de alta gama para profesionales y gamers","Electronica"
"12","Laptop","229.82","349.58","Portátil de alta gama para profesionales y gamers","Electronica"
"13","Laptop","229.82","349.58","Portátil de alta gama para profesionales y gamers","Electronica"
"14","Laptop","229.82","349.58","Portátil de alta gama para profesionales y gamers","Electronica"
"15","Smartphone","259.18","211.12","Último modelo con 5G y cámara de 108MP","Electronica"
"16","Smartphone","259.18","211.12","Último modelo con 5G y cámara de 108MP","Electronica"
"17","Smartphone","259.18","211.12","Último modelo con 5G y cámara de 108MP","Electronica"
"18","Smartphone","259.18","211.12","Último modelo con 5G y cámara de 108MP","Electronica"
"19","Smartphone","259.18","211.12","Último modelo con 5G y cámara de 108MP","Electronica"
"20","Smartphone","259.18","211.12","Último modelo con 5G y cámara de 108MP","Electronica"
"21","Smartphone","259.18","211.12","Último modelo con 5G y cámara de 108MP","Electronica"
"22","Smartphone","259.18","211.12","Último modelo con 5G y cámara de 108MP","Electronica"
"23","Smartphone","259.18","211.12","Último modelo con 5G y cámara de 108MP","Electronica"
"24","Smartphone","259.18","211.12","Último modelo con 5G y cámara de 108MP","Electronica"
"25","Smartphone","259.18","211.12","Último modelo con 5G y cámara de 108MP","Electronica"
"26","Smartphone","259.18","211.12","Último modelo con 5G y cámara de 108MP","Electronica"
"27","Smartphone","259.18","211.12","Último modelo con 5G y cámara de 108MP","Electronica"
"28","Smartphone","259.18","211.12","Último modelo con 5G y cámara de 108MP","Electronica"
"29","Tablet","640.42","108.05","Ideal para leer y navegar en internet","Electronica"
"30","Tablet","640.42","108.05","Ideal para leer y navegar en internet","Electronica"
"31","Tablet","640.42","108.05","Ideal para leer y navegar en internet","Electronica"
"32","Tablet","640.42","108.05","Ideal para leer y navegar en internet","Electronica"
"33","Tablet","640.42","108.05","Ideal para leer y navegar en internet","Electronica"
"34","Tablet","640.42","108.05","Ideal para leer y navegar en internet","Electronica"
"35","Tablet","640.42","108.05","Ideal para leer y navegar en internet","Electronica"
"36","Tablet","640.42","108.05","Ideal para leer y navegar en internet","Electronica"
"37","Tablet","640.42","108.05","Ideal para leer y navegar en internet","Electronica"
"38","Tablet","640.42","108.05","Ideal para leer y navegar en internet","Electronica"
"39","Tablet","640.42","108.05","Ideal para leer y navegar en internet","Electronica"
"40","Tablet","640.42","108.05","Ideal para leer y navegar en internet","Electronica"
"41","Tablet","640.42","108.05","Ideal para leer y navegar en internet","Electronica"
"42","Tablet","640.42","108.05","Ideal para leer y navegar en internet","Electronica"
"43","Smartwatch","607.3","378.96","Monitorea tu salud y recibe notificaciones","Electronica"
"44","Smartwatch","607.3","378.96","Monitorea tu salud y recibe notificaciones","Electronica"
"45","Smartwatch","607.3","378.96","Monitorea tu salud y recibe notificaciones","Electronica"
"46","Smartwatch","607.3","378.96","Monitorea tu salud y recibe notificaciones","Electronica"
"47","Smartwatch","607.3","378.96","Monitorea tu salud y recibe notificaciones","Electronica"
"48","Smartwatch","607.3","378.96","Monitorea tu salud y recibe notificaciones","Electronica"
"49","Smartwatch","607.3","378.96","Monitorea tu salud y recibe notificaciones","Electronica"
"50","Smartwatch","607.3","378.96","Monitorea tu salud y recibe notificaciones","Electronica"
"51","Smartwatch","607.3","378.96","Monitorea tu salud y recibe notificaciones","Electronica"
"52","Smartwatch","607.3","378.96","Monitorea tu salud y recibe notificaciones","Electronica"
"53","Smartwatch","607.3","378.96","Monitorea tu salud y recibe notificaciones","Electronica"
"54","Smartwatch","607.3","378.96","Monitorea tu salud y recibe notificaciones","Electronica"
"55","Smartwatch","607.3","378.96","Monitorea tu salud y recibe notificaciones","Electronica"
"56","Smartwatch","607.3","378.96","Monitorea tu salud y recibe notificaciones","Electronica"
"57","Cámara","913.01","669.99","Captura tus momentos con calidad profesional","Electronica"
"58","Cámara","913.01","669.99","Captura tus momentos con calidad profesional","Electronica"
"59","Cámara","913.01","669.99","Captura tus momentos con calidad profesional","Electronica"
"60","Cámara","913.01","669.99","Captura tus momentos con calidad profesional","Electronica"
"61","Cámara","913.01","669.99","Captura tus momentos con calidad profesional","Electronica"
"62","Cámara","913.01","669.99","Captura tus momentos con calidad profesional","Electronica"
"63","Cámara","913.01","669.99","Captura tus momentos con calidad profesional","Electronica"
"64","Cámara","913.01","669.99","Captura tus momentos con calidad profesional","Electronica"
"65","Cámara","913.01","669.99","Captura tus momentos con calidad profesional","Electronica"
"66","Cámara","913.01","669.99","Captura tus momentos con calidad profesional","Electronica"
"67","Cámara","913.01","669.99","Captura tus momentos con calidad profesional","Electronica"
"68","Cámara","913.01","669.99","Captura tus momentos con calidad profesional","Electronica"
"69","Cámara","913.01","669.99","Captura tus momentos con calidad profesional","Electronica"
"70","Cámara","913.01","669.99","Captura tus momentos con calidad profesional","Electronica"
"71","Camiseta","797.5","24.94","Cómoda y estilosa para el día a día","Ropa"
"72","Camiseta","797.5","24.94","Cómoda y estilosa para el día a día","Ropa"
"73","Camiseta","797.5","24.94","Cómoda y estilosa para el día a día","Ropa"
"74","Camiseta","797.5","24.94","Cómoda y estilosa para el día a día","Ropa"
"75","Camiseta","797.5","24.94","Cómoda y estilosa para el día a día","Ropa"
"76","Camiseta","797.5","24.94","Cómoda y estilosa para el día a día","Ropa"
"77","Camiseta","797.5","24.94","Cómoda y estilosa para el día a día","Ropa"
"78","Camiseta","797.5","24.94","Cómoda y estilosa para el día a día","Ropa"
"79","Camiseta","797.5","24.94","Cómoda y estilosa para el día a día","Ropa"
"80","Camiseta","797.5","24.94","Cómoda y estilosa para el día a día","Ropa"
"81","Camiseta","797.5","24.94","Cómoda y estilosa para el día a día","Ropa"
"82","Camiseta","797.5","24.94","Cómoda y estilosa para el día a día","Ropa"
"83","Camiseta","797.5","24.94","Cómoda y estilosa para el día a día","Ropa"
"84","Camiseta","797.5","24.94","Cómoda y estilosa para el día a día","Ropa"
"85","Jeans","647.99","488.01","Clásicos y resistentes para cualquier ocasión","Ropa"
"86","Jeans","647.99","488.01","Clásicos y resistentes para cualquier ocasión","Ropa"
"87","Jeans","647.99","488.01","Clásicos y resistentes para cualquier ocasión","Ropa"
"88","Jeans","647.99","488.01","Clásicos y resistentes para cualquier ocasión","Ropa"
"89","Jeans","647.99","488.01","Clásicos y resistentes para cualquier ocasión","Ropa"
"90","Jeans","647.99","488.01","Clásicos y resistentes para cualquier ocasión","Ropa"
"91","Jeans","647.99","488.01","Clásicos y resistentes para cualquier ocasión","Ropa"
"92","Jeans","647.99","488.01","Clásicos y resistentes para cualquier ocasión","Ropa"
"93","Jeans","647.99","488.01","Clásicos y resistentes para cualquier ocasión","Ropa"
"94","Jeans","647.99","488.01","Clásicos y resistentes para cualquier ocasión","Ropa"
"95","Jeans","647.99","488.01","Clásicos y resistentes para cualquier ocasión","Ropa"
"96","Jeans","647.99","488.01","Clásicos y resistentes para cualquier ocasión","Ropa"
"97","Jeans","647.99","488.01","Clásicos y resistentes para cualquier ocasión","Ropa"
"98","Jeans","647.99","488.01","Clásicos y resistentes para cualquier ocasión","Ropa"
"99","Chaqueta","859.52","233.53","Perfecta para el clima frío","Ropa"
"100","Chaqueta","859.52","233.53","Perfecta para el clima frío","Ropa"
"101","Chaqueta","859.52","233.53","Perfecta para el clima frío","Ropa"
"102","Chaqueta","859.52","233.53","Perfecta para el clima frío","Ropa"
"103","Chaqueta","859.52","233.53","Perfecta para el clima frío","Ropa"
"104","Chaqueta","859.52","233.53","Perfecta para el clima frío","Ropa"
"105","Chaqueta","859.52","233.53","Perfecta para el clima frío","Ropa"
"106","Chaqueta","859.52","233.53","Perfecta para el clima frío","Ropa"
"107","Chaqueta","859.52","233.53","Perfecta para el clima frío","Ropa"
"108","Chaqueta","859.52","233.53","Perfecta para el clima frío","Ropa"
"109","Chaqueta","859.52","233.53","Perfecta para el clima frío","Ropa"
"110","Chaqueta","859.52","233.53","Perfecta para el clima frío","Ropa"
"111","Chaqueta","859.52","233.53","Perfecta para el clima frío","Ropa"
"112","Chaqueta","859.52","233.53","Perfecta para el clima frío","Ropa"
"113","Vestido","660.74","304.23","Elegante y sofisticado para eventos especiales","Ropa"
"114","Vestido","660.74","304.23","Elegante y sofisticado para eventos especiales","Ropa"
"115","Vestido","660.74","304.23","Elegante y sofisticado para eventos especiales","Ropa"
"116","Vestido","660.74","304.23","Elegante y sofisticado para eventos especiales","Ropa"
"117","Vestido","660.74","304.23","Elegante y sofisticado para eventos especiales","Ropa"
"118","Vestido","660.74","304.23","Elegante y sofisticado para eventos especiales","Ropa"
"119","Vestido","660.74","304.23","Elegante y sofisticado para eventos especiales","Ropa"
"120","Vestido","660.74","304.23","Elegante y sofisticado para eventos especiales","Ropa"
"121","Vestido","660.74","304.23","Elegante y sofisticado para eventos especiales","Ropa"
"122","Vestido","660.74","304.23","Elegante y sofisticado para eventos especiales","Ropa"
"123","Vestido","660.74","304.23","Elegante y sofisticado para eventos especiales","Ropa"
"124","Vestido","660.74","304.23","Elegante y sofisticado para eventos especiales","Ropa"
"125","Vestido","660.74","304.23","Elegante y sofisticado para eventos especiales","Ropa"
"126","Vestido","660.74","304.23","Elegante y sofisticado para eventos especiales","Ropa"
"127","Zapatos","509.64","455.91","Confortables y duraderos","Ropa"
"128","Zapatos","509.64","455.91","Confortables y duraderos","Ropa"
"129","Zapatos","509.64","455.91","Confortables y duraderos","Ropa"
"130","Zapatos","509.64","455.91","Confortables y duraderos","Ropa"
"131","Zapatos","509.64","455.91","Confortables y duraderos","Ropa"
"132","Zapatos","509.64","455.91","Confortables y duraderos","Ropa"
"133","Zapatos","509.64","455.91","Confortables y duraderos","Ropa"
"134","Zapatos","509.64","455.91","Confortables y duraderos","Ropa"
"135","Zapatos","509.64","455.91","Confortables y duraderos","Ropa"
"136","Zapatos","509.64","455.91","Confortables y duraderos","Ropa"
"137","Zapatos","509.64","455.91","Confortables y duraderos","Ropa"
"138","Zapatos","509.64","455.91","Confortables y duraderos","Ropa"
"139","Zapatos","509.64","455.91","Confortables y duraderos","Ropa"
"140","Zapatos","509.64","455.91","Confortables y duraderos","Ropa"
"141","Muñeca","808.56","183.11","Perfecta para las horas de juego","Juguetes"
"142","Muñeca","808.56","183.11","Perfecta para las horas de juego","Juguetes"
"143","Muñeca","808.56","183.11","Perfecta para las horas de juego","Juguetes"
"144","Muñeca","808.56","183.11","Perfecta para las horas de juego","Juguetes"
"145","Muñeca","808.56","183.11","Perfecta para las horas de juego","Juguetes"
"146","Muñeca","808.56","183.11","Perfecta para las horas de juego","Juguetes"
"147","Muñeca","808.56","183.11","Perfecta para las horas de juego","Juguetes"
"148","Muñeca","808.56","183.11","Perfecta para las horas de juego","Juguetes"
"149","Muñeca","808.56","183.11","Perfecta para las horas de juego","Juguetes"
"150","Muñeca","808.56","183.11","Perfecta para las horas de juego","Juguetes"
"151","Muñeca","808.56","183.11","Perfecta para las horas de juego","Juguetes"
"152","Muñeca","808.56","183.11","Perfecta para las horas de juego","Juguetes"
"153","Muñeca","808.56","183.11","Perfecta para las horas de juego","Juguetes"
"154","Muñeca","808.56","183.11","Perfecta para las horas de juego","Juguetes"
"155","Coche de juguete","325.22","517.31","Diseño robusto y seguro","Juguetes"
"156","Coche de juguete","325.22","517.31","Diseño robusto y seguro","Juguetes"
"157","Coche de juguete","325.22","517.31","Diseño robusto y seguro","Juguetes"
"158","Coche de juguete","325.22","517.31","Diseño robusto y seguro","Juguetes"
"159","Coche de juguete","325.22","517.31","Diseño robusto y seguro","Juguetes"
"160","Coche de juguete","325.22","517.31","Diseño robusto y seguro","Juguetes"
"161","Coche de juguete","325.22","517.31","Diseño robusto y seguro","Juguetes"
"162","Coche de juguete","325.22","517.31","Diseño robusto y seguro","Juguetes"
"163","Coche de juguete","325.22","517.31","Diseño robusto y seguro","Juguetes"
"164","Coche de juguete","325.22","517.31","Diseño robusto y seguro","Juguetes"
"165","Coche de juguete","325.22","517.31","Diseño robusto y seguro","Juguetes"
"166","Coche de juguete","325.22","517.31","Diseño robusto y seguro","Juguetes"
"167","Coche de juguete","325.22","517.31","Diseño robusto y seguro","Juguetes"
"168","Coche de juguete","325.22","517.31","Diseño robusto y seguro","Juguetes"
"169","Pelota","168.89","355.54","Ideal para actividades al aire libre","Juguetes"
"170","Pelota","168.89","355.54","Ideal para actividades al aire libre","Juguetes"
"171","Pelota","168.89","355.54","Ideal para actividades al aire libre","Juguetes"
"172","Pelota","168.89","355.54","Ideal para actividades al aire libre","Juguetes"
"173","Pelota","168.89","355.54","Ideal para actividades al aire libre","Juguetes"
"174","Pelota","168.89","355.54","Ideal para actividades al aire libre","Juguetes"
"175","Pelota","168.89","355.54","Ideal para actividades al aire libre","Juguetes"
"176","Pelota","168.89","355.54","Ideal para actividades al aire libre","Juguetes"
"177","Pelota","168.89","355.54","Ideal para actividades al aire libre","Juguetes"
"178","Pelota","168.89","355.54","Ideal para actividades al aire libre","Juguetes"
"179","Pelota","168.89","355.54","Ideal para actividades al aire libre","Juguetes"
"180","Pelota","168.89","355.54","Ideal para actividades al aire libre","Juguetes"
"181","Pelota","168.89","355.54","Ideal para actividades al aire libre","Juguetes"
"182","Pelota","168.89","355.54","Ideal para actividades al aire libre","Juguetes"
"183","Rompecabezas","981.23","348.39","Fomenta el desarrollo intelectual","Juguetes"
"184","Rompecabezas","981.23","348.39","Fomenta el desarrollo intelectual","Juguetes"
"185","Rompecabezas","981.23","348.39","Fomenta el desarrollo intelectual","Juguetes"
"186","Rompecabezas","981.23","348.39","Fomenta el desarrollo intelectual","Juguetes"
"187","Rompecabezas","981.23","348.39","Fomenta el desarrollo intelectual","Juguetes"
"188","Rompecabezas","981.23","348.39","Fomenta el desarrollo intelectual","Juguetes"
"189","Rompecabezas","981.23","348.39","Fomenta el desarrollo intelectual","Juguetes"
"190","Rompecabezas","981.23","348.39","Fomenta el desarrollo intelectual","Juguetes"
"191","Rompecabezas","981.23","348.39","Fomenta el desarrollo intelectual","Juguetes"
"192","Rompecabezas","981.23","348.39","Fomenta el desarrollo intelectual","Juguetes"
"193","Rompecabezas","981.23","348.39","Fomenta el desarrollo intelectual","Juguetes"
"194","Rompecabezas","981.23","348.39","Fomenta el desarrollo intelectual","Juguetes"
"195","Rompecabezas","981.23","348.39","Fomenta el desarrollo intelectual","Juguetes"
"196","Rompecabezas","981.23","348.39","Fomenta el desarrollo intelectual","Juguetes"
"197","Juego de mesa","363.04","444.81","Diversión para toda la familia","Juguetes"
"198","Juego de mesa","363.04","444.81","Diversión para toda la familia","Juguetes"
"199","Juego de mesa","363.04","444.81","Diversión para toda la familia","Juguetes"
"200","Juego de mesa","363.04","444.81","Diversión para toda la familia","Juguetes"
"201","Juego de mesa","363.04","444.81","Diversión para toda la familia","Juguetes"
"202","Juego de mesa","363.04","444.81","Diversión para toda la familia","Juguetes"
"203","Juego de mesa","363.04","444.81","Diversión para toda la familia","Juguetes"
"204","Juego de mesa","363.04","444.81","Diversión para toda la familia","Juguetes"
"205","Juego de mesa","363.04","444.81","Diversión para toda la familia","Juguetes"
"206","Juego de mesa","363.04","444.81","Diversión para toda la familia","Juguetes"
"207","Juego de mesa","363.04","444.81","Diversión para toda la familia","Juguetes"
"208","Juego de mesa","363.04","444.81","Diversión para toda la familia","Juguetes"
"209","Juego de mesa","363.04","444.81","Diversión para toda la familia","Juguetes"
"210","Juego de mesa","363.04","444.81","Diversión para toda la familia","Juguetes"
"211","Pan","500.07","78.09","Fresco y crujiente  hecho a diario","Alimentos"
"212","Pan","500.07","78.09","Fresco y crujiente  hecho a diario","Alimentos"
"213","Pan","500.07","78.09","Fresco y crujiente  hecho a diario","Alimentos"
"214","Pan","500.07","78.09","Fresco y crujiente  hecho a diario","Alimentos"
"215","Pan","500.07","78.09","Fresco y crujiente  hecho a diario","Alimentos"
"216","Pan","500.07","78.09","Fresco y crujiente  hecho a diario","Alimentos"
"217","Pan","500.07","78.09","Fresco y crujiente  hecho a diario","Alimentos"
"218","Pan","500.07","78.09","Fresco y crujiente  hecho a diario","Alimentos"
"219","Pan","500.07","78.09","Fresco y crujiente  hecho a diario","Alimentos"
"220","Pan","500.07","78.09","Fresco y crujiente  hecho a diario","Alimentos"
"221","Pan","500.07","78.09","Fresco y crujiente  hecho a diario","Alimentos"
"222","Pan","500.07","78.09","Fresco y crujiente  hecho a diario","Alimentos"
"223","Pan","500.07","78.09","Fresco y crujiente  hecho a diario","Alimentos"
"224","Pan","500.07","78.09","Fresco y crujiente  hecho a diario","Alimentos"
"225","Chocolate","443.0","54.9","Dulce y cremoso  un placer en cada bocado","Alimentos"
"226","Chocolate","443.0","54.9","Dulce y cremoso  un placer en cada bocado","Alimentos"
"227","Chocolate","443.0","54.9","Dulce y cremoso  un placer en cada bocado","Alimentos"
"228","Chocolate","443.0","54.9","Dulce y cremoso  un placer en cada bocado","Alimentos"
"229","Chocolate","443.0","54.9","Dulce y cremoso  un placer en cada bocado","Alimentos"
"230","Chocolate","443.0","54.9","Dulce y cremoso  un placer en cada bocado","Alimentos"
"231","Chocolate","443.0","54.9","Dulce y cremoso  un placer en cada bocado","Alimentos"
"232","Chocolate","443.0","54.9","Dulce y cremoso  un placer en cada bocado","Alimentos"
"233","Chocolate","443.0","54.9","Dulce y cremoso  un placer en cada bocado","Alimentos"
"234","Chocolate","443.0","54.9","Dulce y cremoso  un placer en cada bocado","Alimentos"
"235","Chocolate","443.0","54.9","Dulce y cremoso  un placer en cada bocado","Alimentos"
"236","Chocolate","443.0","54.9","Dulce y cremoso  un placer en cada bocado","Alimentos"
"237","Chocolate","443.0","54.9","Dulce y cremoso  un placer en cada bocado","Alimentos"
"238","Chocolate","443.0","54.9","Dulce y cremoso  un placer en cada bocado","Alimentos"
"239","Queso","319.64","639.3","Madurado a la perfección","Alimentos"
"240","Queso","319.64","639.3","Madurado a la perfección","Alimentos"
"241","Queso","319.64","639.3","Madurado a la perfección","Alimentos"
"242","Queso","319.64","639.3","Madurado a la perfección","Alimentos"
"243","Queso","319.64","639.3","Madurado a la perfección","Alimentos"
"244","Queso","319.64","639.3","Madurado a la perfección","Alimentos"
"245","Queso","319.64","639.3","Madurado a la perfección","Alimentos"
"246","Queso","319.64","639.3","Madurado a la perfección","Alimentos"
"247","Queso","319.64","639.3","Madurado a la perfección","Alimentos"
"248","Queso","319.64","639.3","Madurado a la perfección","Alimentos"
"249","Queso","319.64","639.3","Madurado a la perfección","Alimentos"
"250","Queso","319.64","639.3","Madurado a la perfección","Alimentos"
"251","Queso","319.64","639.3","Madurado a la perfección","Alimentos"
"252","Queso","319.64","639.3","Madurado a la perfección","Alimentos"
"253","Vino","933.02","526.59","Seleccionado de las mejores viñas","Alimentos"
"254","Vino","933.02","526.59","Seleccionado de las mejores viñas","Alimentos"
"255","Vino","933.02","526.59","Seleccionado de las mejores viñas","Alimentos"
"256","Vino","933.02","526.59","Seleccionado de las mejores viñas","Alimentos"
"257","Vino","933.02","526.59","Seleccionado de las mejores viñas","Alimentos"
"258","Vino","933.02","526.59","Seleccionado de las mejores viñas","Alimentos"
"259","Vino","933.02","526.59","Seleccionado de las mejores viñas","Alimentos"
"260","Vino","933.02","526.59","Seleccionado de las mejores viñas","Alimentos"
"261","Vino","933.02","526.59","Seleccionado de las mejores viñas","Alimentos"
"262","Vino","933.02","526.59","Seleccionado de las mejores viñas","Alimentos"
"263","Vino","933.02","526.59","Seleccionado de las mejores viñas","Alimentos"
"264","Vino","933.02","526.59","Seleccionado de las mejores viñas","Alimentos"
"265","Vino","933.02","526.59","Seleccionado de las mejores viñas","Alimentos"
"266","Vino","933.02","526.59","Seleccionado de las mejores viñas","Alimentos"
"267","Fruta","822.92","494.1","Fresca y natural","Alimentos"
"268","Fruta","822.92","494.1","Fresca y natural","Alimentos"
"269","Fruta","822.92","494.1","Fresca y natural","Alimentos"
"270","Fruta","822.92","494.1","Fresca y natural","Alimentos"
"271","Fruta","822.92","494.1","Fresca y natural","Alimentos"
"272","Fruta","822.92","494.1","Fresca y natural","Alimentos"
"273","Fruta","822.92","494.1","Fresca y natural","Alimentos"
"274","Fruta","822.92","494.1","Fresca y natural","Alimentos"
"275","Fruta","822.92","494.1","Fresca y natural","Alimentos"
"276","Fruta","822.92","494.1","Fresca y natural","Alimentos"
"277","Fruta","822.92","494.1","Fresca y natural","Alimentos"
"278","Fruta","822.92","494.1","Fresca y natural","Alimentos"
"279","Fruta","822.92","494.1","Fresca y natural","Alimentos"
"280","Fruta","822.92","494.1","Fresca y natural","Alimentos"
"281","Martillo","882.83","715.12","Robusto y fiable para todos tus proyectos","Herramientas"
"282","Martillo","882.83","715.12","Robusto y fiable para todos tus proyectos","Herramientas"
"283","Martillo","882.83","715.12","Robusto y fiable para todos tus proyectos","Herramientas"
"284","Martillo","882.83","715.12","Robusto y fiable para todos tus proyectos","Herramientas"
"285","Martillo","882.83","715.12","Robusto y fiable para todos tus proyectos","Herramientas"
"286","Martillo","882.83","715.12","Robusto y fiable para todos tus proyectos","Herramientas"
"287","Martillo","882.83","715.12","Robusto y fiable para todos tus proyectos","Herramientas"
"288","Martillo","882.83","715.12","Robusto y fiable para todos tus proyectos","Herramientas"
"289","Martillo","882.83","715.12","Robusto y fiable para todos tus proyectos","Herramientas"
"290","Martillo","882.83","715.12","Robusto y fiable para todos tus proyectos","Herramientas"
"291","Martillo","882.83","715.12","Robusto y fiable para todos tus proyectos","Herramientas"
"292","Martillo","882.83","715.12","Robusto y fiable para todos tus proyectos","Herramientas"
"293","Martillo","882.83","715.12","Robusto y fiable para todos tus proyectos","Herramientas"
"294","Martillo","882.83","715.12","Robusto y fiable para todos tus proyectos","Herramientas"
"295","Taladro","45.15","477.05","Potente y preciso para trabajos difíciles","Herramientas"
"296","Taladro","45.15","477.05","Potente y preciso para trabajos difíciles","Herramientas"
"297","Taladro","45.15","477.05","Potente y preciso para trabajos difíciles","Herramientas"
"298","Taladro","45.15","477.05","Potente y preciso para trabajos difíciles","Herramientas"
"299","Taladro","45.15","477.05","Potente y preciso para trabajos difíciles","Herramientas"
"300","Taladro","45.15","477.05","Potente y preciso para trabajos difíciles","Herramientas"
"301","Taladro","45.15","477.05","Potente y preciso para trabajos difíciles","Herramientas"
"302","Taladro","45.15","477.05","Potente y preciso para trabajos difíciles","Herramientas"
"303","Taladro","45.15","477.05","Potente y preciso para trabajos difíciles","Herramientas"
"304","Taladro","45.15","477.05","Potente y preciso para trabajos difíciles","Herramientas"
"305","Taladro","45.15","477.05","Potente y preciso para trabajos difíciles","Herramientas"
"306","Taladro","45.15","477.05","Potente y preciso para trabajos difíciles","Herramientas"
"307","Taladro","45.15","477.05","Potente y preciso para trabajos difíciles","Herramientas"
"308","Taladro","45.15","477.05","Potente y preciso para trabajos difíciles","Herramientas"
"309","Sierra","165.58","46.76","Corta con precisión y eficacia","Herramientas"
"310","Sierra","165.58","46.76","Corta con precisión y eficacia","Herramientas"
"311","Sierra","165.58","46.76","Corta con precisión y eficacia","Herramientas"
"312","Sierra","165.58","46.76","Corta con precisión y eficacia","Herramientas"
"313","Sierra","165.58","46.76","Corta con precisión y eficacia","Herramientas"
"314","Sierra","165.58","46.76","Corta con precisión y eficacia","Herramientas"
"315","Sierra","165.58","46.76","Corta con precisión y eficacia","Herramientas"
"316","Sierra","165.58","46.76","Corta con precisión y eficacia","Herramientas"
"317","Sierra","165.58","46.76","Corta con precisión y eficacia","Herramientas"
"318","Sierra","165.58","46.76","Corta con precisión y eficacia","Herramientas"
"319","Sierra","165.58","46.76","Corta con precisión y eficacia","Herramientas"
"320","Sierra","165.58","46.76","Corta con precisión y eficacia","Herramientas"
"321","Sierra","165.58","46.76","Corta con precisión y eficacia","Herramientas"
"322","Sierra","165.58","46.76","Corta con precisión y eficacia","Herramientas"
"323","Destornillador","712.29","689.11","Imprescindible en cualquier caja de herramientas","Herramientas"
"324","Destornillador","712.29","689.11","Imprescindible en cualquier caja de herramientas","Herramientas"
"325","Destornillador","712.29","689.11","Imprescindible en cualquier caja de herramientas","Herramientas"
"326","Destornillador","712.29","689.11","Imprescindible en cualquier caja de herramientas","Herramientas"
"327","Destornillador","712.29","689.11","Imprescindible en cualquier caja de herramientas","Herramientas"
"328","Destornillador","712.29","689.11","Imprescindible en cualquier caja de herramientas","Herramientas"
"329","Destornillador","712.29","689.11","Imprescindible en cualquier caja de herramientas","Herramientas"
"330","Destornillador","712.29","689.11","Imprescindible en cualquier caja de herramientas","Herramientas"
"331","Destornillador","712.29","689.11","Imprescindible en cualquier caja de herramientas","Herramientas"
"332","Destornillador","712.29","689.11","Imprescindible en cualquier caja de herramientas","Herramientas"
"333","Destornillador","712.29","689.11","Imprescindible en cualquier caja de herramientas","Herramientas"
"334","Destornillador","712.29","689.11","Imprescindible en cualquier caja de herramientas","Herramientas"
"335","Destornillador","712.29","689.11","Imprescindible en cualquier caja de herramientas","Herramientas"
"336","Destornillador","712.29","689.11","Imprescindible en cualquier caja de herramientas","Herramientas"
"337","Llave inglesa","733.68","263.55","Ajustable y versátil","Herramientas"
"338","Llave inglesa","733.68","263.55","Ajustable y versátil","Herramientas"
"339","Llave inglesa","733.68","263.55","Ajustable y versátil","Herramientas"
"340","Llave inglesa","733.68","263.55","Ajustable y versátil","Herramientas"
"341","Llave inglesa","733.68","263.55","Ajustable y versátil","Herramientas"
"342","Llave inglesa","733.68","263.55","Ajustable y versátil","Herramientas"
"343","Llave inglesa","733.68","263.55","Ajustable y versátil","Herramientas"
"344","Llave inglesa","733.68","263.55","Ajustable y versátil","Herramientas"
"345","Llave inglesa","733.68","263.55","Ajustable y versátil","Herramientas"
"346","Llave inglesa","733.68","263.55","Ajustable y versátil","Herramientas"
"347","Llave inglesa","733.68","263.55","Ajustable y versátil","Herramientas"
"348","Llave inglesa","733.68","263.55","Ajustable y versátil","Herramientas"
"349","Llave inglesa","733.68","263.55","Ajustable y versátil","Herramientas"
"350","Llave inglesa","733.68","263.55","Ajustable y versátil","Herramientas"
"351","Novela","817.49","109.21","Una emocionante trama que no podrás dejar de leer","Libros"
"352","Novela","817.49","109.21","Una emocionante trama que no podrás dejar de leer","Libros"
"353","Novela","817.49","109.21","Una emocionante trama que no podrás dejar de leer","Libros"
"354","Novela","817.49","109.21","Una emocionante trama que no podrás dejar de leer","Libros"
"355","Novela","817.49","109.21","Una emocionante trama que no podrás dejar de leer","Libros"
"356","Novela","817.49","109.21","Una emocionante trama que no podrás dejar de leer","Libros"
"357","Novela","817.49","109.21","Una emocionante trama que no podrás dejar de leer","Libros"
"358","Novela","817.49","109.21","Una emocionante trama que no podrás dejar de leer","Libros"
"359","Novela","817.49","109.21","Una emocionante trama que no podrás dejar de leer","Libros"
"360","Novela","817.49","109.21","Una emocionante trama que no podrás dejar de leer","Libros"
"361","Novela","817.49","109.21","Una emocionante trama que no podrás dejar de leer","Libros"
"362","Novela","817.49","109.21","Una emocionante trama que no podrás dejar de leer","Libros"
"363","Novela","817.49","109.21","Una emocionante trama que no podrás dejar de leer","Libros"
"364","Novela","817.49","109.21","Una emocionante trama que no podrás dejar de leer","Libros"
"365","Diccionario","986.74","759.57","Fuente confiable para la correcta ortografía y significado","Libros"
"366","Diccionario","986.74","759.57","Fuente confiable para la correcta ortografía y significado","Libros"
"367","Diccionario","986.74","759.57","Fuente confiable para la correcta ortografía y significado","Libros"
"368","Diccionario","986.74","759.57","Fuente confiable para la correcta ortografía y significado","Libros"
"369","Diccionario","986.74","759.57","Fuente confiable para la correcta ortografía y significado","Libros"
"370","Diccionario","986.74","759.57","Fuente confiable para la correcta ortografía y significado","Libros"
"371","Diccionario","986.74","759.57","Fuente confiable para la correcta ortografía y significado","Libros"
"372","Diccionario","986.74","759.57","Fuente confiable para la correcta ortografía y significado","Libros"
"373","Diccionario","986.74","759.57","Fuente confiable para la correcta ortografía y significado","Libros"
"374","Diccionario","986.74","759.57","Fuente confiable para la correcta ortografía y significado","Libros"
"375","Diccionario","986.74","759.57","Fuente confiable para la correcta ortografía y significado","Libros"
"376","Diccionario","986.74","759.57","Fuente confiable para la correcta ortografía y significado","Libros"
"377","Diccionario","986.74","759.57","Fuente confiable para la correcta ortografía y significado","Libros"
"378","Diccionario","986.74","759.57","Fuente confiable para la correcta ortografía y significado","Libros"
"379","Biografía","302.01","112.4","Descubre la vida de personajes históricos","Libros"
"380","Biografía","302.01","112.4","Descubre la vida de personajes históricos","Libros"
"381","Biografía","302.01","112.4","Descubre la vida de personajes históricos","Libros"
"382","Biografía","302.01","112.4","Descubre la vida de personajes históricos","Libros"
"383","Biografía","302.01","112.4","Descubre la vida de personajes históricos","Libros"
"384","Biografía","302.01","112.4","Descubre la vida de personajes históricos","Libros"
"385","Biografía","302.01","112.4","Descubre la vida de personajes históricos","Libros"
"386","Biografía","302.01","112.4","Descubre la vida de personajes históricos","Libros"
"387","Biografía","302.01","112.4","Descubre la vida de personajes históricos","Libros"
"388","Biografía","302.01","112.4","Descubre la vida de personajes históricos","Libros"
"389","Biografía","302.01","112.4","Descubre la vida de personajes históricos","Libros"
"390","Biografía","302.01","112.4","Descubre la vida de personajes históricos","Libros"
"391","Biografía","302.01","112.4","Descubre la vida de personajes históricos","Libros"
"392","Biografía","302.01","112.4","Descubre la vida de personajes históricos","Libros"
"393","Poesía","927.43","156.39","Versos que tocarán tu alma","Libros"
"394","Poesía","927.43","156.39","Versos que tocarán tu alma","Libros"
"395","Poesía","927.43","156.39","Versos que tocarán tu alma","Libros"
"396","Poesía","927.43","156.39","Versos que tocarán tu alma","Libros"
"397","Poesía","927.43","156.39","Versos que tocarán tu alma","Libros"
"398","Poesía","927.43","156.39","Versos que tocarán tu alma","Libros"
"399","Poesía","927.43","156.39","Versos que tocarán tu alma","Libros"
"400","Poesía","927.43","156.39","Versos que tocarán tu alma","Libros"
"401","Poesía","927.43","156.39","Versos que tocarán tu alma","Libros"
"402","Poesía","927.43","156.39","Versos que tocarán tu alma","Libros"
"403","Poesía","927.43","156.39","Versos que tocarán tu alma","Libros"
"404","Poesía","927.43","156.39","Versos que tocarán tu alma","Libros"
"405","Poesía","927.43","156.39","Versos que tocarán tu alma","Libros"
"406","Poesía","927.43","156.39","Versos que tocarán tu alma","Libros"
"407","Guía de viaje","823.56","675.34","Todo lo que necesitas saber para tu próxima aventura","Libros"
"408","Guía de viaje","823.56","675.34","Todo lo que necesitas saber para tu próxima aventura","Libros"
"409","Guía de viaje","823.56","675.34","Todo lo que necesitas saber para tu próxima aventura","Libros"
"410","Guía de viaje","823.56","675.34","Todo lo que necesitas saber para tu próxima aventura","Libros"
"411","Guía de viaje","823.56","675.34","Todo lo que necesitas saber para tu próxima aventura","Libros"
"412","Guía de viaje","823.56","675.34","Todo lo que necesitas saber para tu próxima aventura","Libros"
"413","Guía de viaje","823.56","675.34","Todo lo que necesitas saber para tu próxima aventura","Libros"
"414","Guía de viaje","823.56","675.34","Todo lo que necesitas saber para tu próxima aventura","Libros"
"415","Guía de viaje","823.56","675.34","Todo lo que necesitas saber para tu próxima aventura","Libros"
"416","Guía de viaje","823.56","675.34","Todo lo que necesitas saber para tu próxima aventura","Libros"
"417","Guía de viaje","823.56","675.34","Todo lo que necesitas saber para tu próxima aventura","Libros"
"418","Guía de viaje","823.56","675.34","Todo lo que necesitas saber para tu próxima aventura","Libros"
"419","Guía de viaje","823.56","675.34","Todo lo que necesitas saber para tu próxima aventura","Libros"
"420","Guía de viaje","823.56","675.34","Todo lo que necesitas saber para tu próxima aventura","Libros"
"421","Balón de fútbol","622.26","703.57","Para los amantes del fútbol","Deportes"
"422","Balón de fútbol","622.26","703.57","Para los amantes del fútbol","Deportes"
"423","Balón de fútbol","622.26","703.57","Para los amantes del fútbol","Deportes"
"424","Balón de fútbol","622.26","703.57","Para los amantes del fútbol","Deportes"
"425","Balón de fútbol","622.26","703.57","Para los amantes del fútbol","Deportes"
"426","Balón de fútbol","622.26","703.57","Para los amantes del fútbol","Deportes"
"427","Balón de fútbol","622.26","703.57","Para los amantes del fútbol","Deportes"
"428","Balón de fútbol","622.26","703.57","Para los amantes del fútbol","Deportes"
"429","Balón de fútbol","622.26","703.57","Para los amantes del fútbol","Deportes"
"430","Balón de fútbol","622.26","703.57","Para los amantes del fútbol","Deportes"
"431","Balón de fútbol","622.26","703.57","Para los amantes del fútbol","Deportes"
"432","Balón de fútbol","622.26","703.57","Para los amantes del fútbol","Deportes"
"433","Balón de fútbol","622.26","703.57","Para los amantes del fútbol","Deportes"
"434","Balón de fútbol","622.26","703.57","Para los amantes del fútbol","Deportes"
"435","Raqueta de tenis","401.09","236.89","Para un juego preciso y potente","Deportes"
"436","Raqueta de tenis","401.09","236.89","Para un juego preciso y potente","Deportes"
"437","Raqueta de tenis","401.09","236.89","Para un juego preciso y potente","Deportes"
"438","Raqueta de tenis","401.09","236.89","Para un juego preciso y potente","Deportes"
"439","Raqueta de tenis","401.09","236.89","Para un juego preciso y potente","Deportes"
"440","Raqueta de tenis","401.09","236.89","Para un juego preciso y potente","Deportes"
"441","Raqueta de tenis","401.09","236.89","Para un juego preciso y potente","Deportes"
"442","Raqueta de tenis","401.09","236.89","Para un juego preciso y potente","Deportes"
"443","Raqueta de tenis","401.09","236.89","Para un juego preciso y potente","Deportes"
"444","Raqueta de tenis","401.09","236.89","Para un juego preciso y potente","Deportes"
"445","Raqueta de tenis","401.09","236.89","Para un juego preciso y potente","Deportes"
"446","Raqueta de tenis","401.09","236.89","Para un juego preciso y potente","Deportes"
"447","Raqueta de tenis","401.09","236.89","Para un juego preciso y potente","Deportes"
"448","Raqueta de tenis","401.09","236.89","Para un juego preciso y potente","Deportes"
"449","Guantes de boxeo","975.07","385.49","Protege tus manos mientras entrenas","Deportes"
"450","Guantes de boxeo","975.07","385.49","Protege tus manos mientras entrenas","Deportes"
"451","Guantes de boxeo","975.07","385.49","Protege tus manos mientras entrenas","Deportes"
"452","Guantes de boxeo","975.07","385.49","Protege tus manos mientras entrenas","Deportes"
"453","Guantes de boxeo","975.07","385.49","Protege tus manos mientras entrenas","Deportes"
"454","Guantes de boxeo","975.07","385.49","Protege tus manos mientras entrenas","Deportes"
"455","Guantes de boxeo","975.07","385.49","Protege tus manos mientras entrenas","Deportes"
"456","Guantes de boxeo","975.07","385.49","Protege tus manos mientras entrenas","Deportes"
"457","Guantes de boxeo","975.07","385.49","Protege tus manos mientras entrenas","Deportes"
"458","Guantes de boxeo","975.07","385.49","Protege tus manos mientras entrenas","Deportes"
"459","Guantes de boxeo","975.07","385.49","Protege tus manos mientras entrenas","Deportes"
"460","Guantes de boxeo","975.07","385.49","Protege tus manos mientras entrenas","Deportes"
"461","Guantes de boxeo","975.07","385.49","Protege tus manos mientras entrenas","Deportes"
"462","Guantes de boxeo","975.07","385.49","Protege tus manos mientras entrenas","Deportes"
"463","Patines","207.95","717.21","Diversión asegurada sobre ruedas","Deportes"
"464","Patines","207.95","717.21","Diversión asegurada sobre ruedas","Deportes"
"465","Patines","207.95","717.21","Diversión asegurada sobre ruedas","Deportes"
"466","Patines","207.95","717.21","Diversión asegurada sobre ruedas","Deportes"
"467","Patines","207.95","717.21","Diversión asegurada sobre ruedas","Deportes"
"468","Patines","207.95","717.21","Diversión asegurada sobre ruedas","Deportes"
"469","Patines","207.95","717.21","Diversión asegurada sobre ruedas","Deportes"
"470","Patines","207.95","717.21","Diversión asegurada sobre ruedas","Deportes"
"471","Patines","207.95","717.21","Diversión asegurada sobre ruedas","Deportes"
"472","Patines","207.95","717.21","Diversión asegurada sobre ruedas","Deportes"
"473","Patines","207.95","717.21","Diversión asegurada sobre ruedas","Deportes"
"474","Patines","207.95","717.21","Diversión asegurada sobre ruedas","Deportes"
"475","Patines","207.95","717.21","Diversión asegurada sobre ruedas","Deportes"
"476","Patines","207.95","717.21","Diversión asegurada sobre ruedas","Deportes"
"477","Equipo de natación","730.36","20.75","Todo lo necesario para el nadador","Deportes"
"478","Equipo de natación","730.36","20.75","Todo lo necesario para el nadador","Deportes"
"479","Equipo de natación","730.36","20.75","Todo lo necesario para el nadador","Deportes"
"480","Equipo de natación","730.36","20.75","Todo lo necesario para el nadador","Deportes"
"481","Equipo de natación","730.36","20.75","Todo lo necesario para el nadador","Deportes"
"482","Equipo de natación","730.36","20.75","Todo lo necesario para el nadador","Deportes"
"483","Equipo de natación","730.36","20.75","Todo lo necesario para el nadador","Deportes"
"484","Equipo de natación","730.36","20.75","Todo lo necesario para el nadador","Deportes"
"485","Equipo de natación","730.36","20.75","Todo lo necesario para el nadador","Deportes"
"486","Equipo de natación","730.36","20.75","Todo lo necesario para el nadador","Deportes"
"487","Equipo de natación","730.36","20.75","Todo lo necesario para el nadador","Deportes"
"488","Equipo de natación","730.36","20.75","Todo lo necesario para el nadador","Deportes"
"489","Equipo de natación","730.36","20.75","Todo lo necesario para el nadador","Deportes"
"490","Equipo de natación","730.36","20.75","Todo lo necesario para el nadador","Deportes"
"491","Maquillaje","259.09","269.92","Resalta tu belleza natural","Belleza"
"492","Maquillaje","259.09","269.92","Resalta tu belleza natural","Belleza"
"493","Maquillaje","259.09","269.92","Resalta tu belleza natural","Belleza"
"494","Maquillaje","259.09","269.92","Resalta tu belleza natural","Belleza"
"495","Maquillaje","259.09","269.92","Resalta tu belleza natural","Belleza"
"496","Maquillaje","259.09","269.92","Resalta tu belleza natural","Belleza"
"497","Maquillaje","259.09","269.92","Resalta tu belleza natural","Belleza"
"498","Maquillaje","259.09","269.92","Resalta tu belleza natural","Belleza"
"499","Maquillaje","259.09","269.92","Resalta tu belleza natural","Belleza"
"500","Maquillaje","259.09","269.92","Resalta tu belleza natural","Belleza"
"501","Maquillaje","259.09","269.92","Resalta tu belleza natural","Belleza"
"502","Maquillaje","259.09","269.92","Resalta tu belleza natural","Belleza"
"503","Maquillaje","259.09","269.92","Resalta tu belleza natural","Belleza"
"504","Maquillaje","259.09","269.92","Resalta tu belleza natural","Belleza"
"505","Perfume","355.34","276.84","Una fragancia encantadora","Belleza"
"506","Perfume","355.34","276.84","Una fragancia encantadora","Belleza"
"507","Perfume","355.34","276.84","Una fragancia encantadora","Belleza"
"508","Perfume","355.34","276.84","Una fragancia encantadora","Belleza"
"509","Perfume","355.34","276.84","Una fragancia encantadora","Belleza"
"510","Perfume","355.34","276.84","Una fragancia encantadora","Belleza"
"511","Perfume","355.34","276.84","Una fragancia encantadora","Belleza"
"512","Perfume","355.34","276.84","Una fragancia encantadora","Belleza"
"513","Perfume","355.34","276.84","Una fragancia encantadora","Belleza"
"514","Perfume","355.34","276.84","Una fragancia encantadora","Belleza"
"515","Perfume","355.34","276.84","Una fragancia encantadora","Belleza"
"516","Perfume","355.34","276.84","Una fragancia encantadora","Belleza"
"517","Perfume","355.34","276.84","Una fragancia encantadora","Belleza"
"518","Perfume","355.34","276.84","Una fragancia encantadora","Belleza"
"519","Cremas para la piel","706.03","216.9","Cuida y protege tu piel","Belleza"
"520","Cremas para la piel","706.03","216.9","Cuida y protege tu piel","Belleza"
"521","Cremas para la piel","706.03","216.9","Cuida y protege tu piel","Belleza"
"522","Cremas para la piel","706.03","216.9","Cuida y protege tu piel","Belleza"
"523","Cremas para la piel","706.03","216.9","Cuida y protege tu piel","Belleza"
"524","Cremas para la piel","706.03","216.9","Cuida y protege tu piel","Belleza"
"525","Cremas para la piel","706.03","216.9","Cuida y protege tu piel","Belleza"
"526","Cremas para la piel","706.03","216.9","Cuida y protege tu piel","Belleza"
"527","Cremas para la piel","706.03","216.9","Cuida y protege tu piel","Belleza"
"528","Cremas para la piel","706.03","216.9","Cuida y protege tu piel","Belleza"
"529","Cremas para la piel","706.03","216.9","Cuida y protege tu piel","Belleza"
"530","Cremas para la piel","706.03","216.9","Cuida y protege tu piel","Belleza"
"531","Cremas para la piel","706.03","216.9","Cuida y protege tu piel","Belleza"
"532","Cremas para la piel","706.03","216.9","Cuida y protege tu piel","Belleza"
"533","Champú","916.91","54.85","Para un cabello limpio y saludable","Belleza"
"534","Champú","916.91","54.85","Para un cabello limpio y saludable","Belleza"
"535","Champú","916.91","54.85","Para un cabello limpio y saludable","Belleza"
"536","Champú","916.91","54.85","Para un cabello limpio y saludable","Belleza"
"537","Champú","916.91","54.85","Para un cabello limpio y saludable","Belleza"
"538","Champú","916.91","54.85","Para un cabello limpio y saludable","Belleza"
"539","Champú","916.91","54.85","Para un cabello limpio y saludable","Belleza"
"540","Champú","916.91","54.85","Para un cabello limpio y saludable","Belleza"
"541","Champú","916.91","54.85","Para un cabello limpio y saludable","Belleza"
"542","Champú","916.91","54.85","Para un cabello limpio y saludable","Belleza"
"543","Champú","916.91","54.85","Para un cabello limpio y saludable","Belleza"
"544","Champú","916.91","54.85","Para un cabello limpio y saludable","Belleza"
"545","Champú","916.91","54.85","Para un cabello limpio y saludable","Belleza"
"546","Champú","916.91","54.85","Para un cabello limpio y saludable","Belleza"
"547","Esmalte de uñas","84.2","104.21","Colores vibrantes para tus manos","Belleza"
"548","Esmalte de uñas","84.2","104.21","Colores vibrantes para tus manos","Belleza"
"549","Esmalte de uñas","84.2","104.21","Colores vibrantes para tus manos","Belleza"
"550","Esmalte de uñas","84.2","104.21","Colores vibrantes para tus manos","Belleza"
"551","Esmalte de uñas","84.2","104.21","Colores vibrantes para tus manos","Belleza"
"552","Esmalte de uñas","84.2","104.21","Colores vibrantes para tus manos","Belleza"
"553","Esmalte de uñas","84.2","104.21","Colores vibrantes para tus manos","Belleza"
"554","Esmalte de uñas","84.2","104.21","Colores vibrantes para tus manos","Belleza"
"555","Esmalte de uñas","84.2","104.21","Colores vibrantes para tus manos","Belleza"
"556","Esmalte de uñas","84.2","104.21","Colores vibrantes para tus manos","Belleza"
"557","Esmalte de uñas","84.2","104.21","Colores vibrantes para tus manos","Belleza"
"558","Esmalte de uñas","84.2","104.21","Colores vibrantes para tus manos","Belleza"
"559","Esmalte de uñas","84.2","104.21","Colores vibrantes para tus manos","Belleza"
"560","Esmalte de uñas","84.2","104.21","Colores vibrantes para tus manos","Belleza"
"561","Sofá","961.12","63.09","Comodidad en tu sala de estar","Muebles"
"562","Sofá","961.12","63.09","Comodidad en tu sala de estar","Muebles"
"563","Sofá","961.12","63.09","Comodidad en tu sala de estar","Muebles"
"564","Sofá","961.12","63.09","Comodidad en tu sala de estar","Muebles"
"565","Sofá","961.12","63.09","Comodidad en tu sala de estar","Muebles"
"566","Sofá","961.12","63.09","Comodidad en tu sala de estar","Muebles"
"567","Sofá","961.12","63.09","Comodidad en tu sala de estar","Muebles"
"568","Sofá","961.12","63.09","Comodidad en tu sala de estar","Muebles"
"569","Sofá","961.12","63.09","Comodidad en tu sala de estar","Muebles"
"570","Sofá","961.12","63.09","Comodidad en tu sala de estar","Muebles"
"571","Sofá","961.12","63.09","Comodidad en tu sala de estar","Muebles"
"572","Sofá","961.12","63.09","Comodidad en tu sala de estar","Muebles"
"573","Sofá","961.12","63.09","Comodidad en tu sala de estar","Muebles"
"574","Sofá","961.12","63.09","Comodidad en tu sala de estar","Muebles"
"575","Mesa de comedor","971.59","532.25","Reúne a tu familia para comer juntos","Muebles"
"576","Mesa de comedor","971.59","532.25","Reúne a tu familia para comer juntos","Muebles"
"577","Mesa de comedor","971.59","532.25","Reúne a tu familia para comer juntos","Muebles"
"578","Mesa de comedor","971.59","532.25","Reúne a tu familia para comer juntos","Muebles"
"579","Mesa de comedor","971.59","532.25","Reúne a tu familia para comer juntos","Muebles"
"580","Mesa de comedor","971.59","532.25","Reúne a tu familia para comer juntos","Muebles"
"581","Mesa de comedor","971.59","532.25","Reúne a tu familia para comer juntos","Muebles"
"582","Mesa de comedor","971.59","532.25","Reúne a tu familia para comer juntos","Muebles"
"583","Mesa de comedor","971.59","532.25","Reúne a tu familia para comer juntos","Muebles"
"584","Mesa de comedor","971.59","532.25","Reúne a tu familia para comer juntos","Muebles"
"585","Mesa de comedor","971.59","532.25","Reúne a tu familia para comer juntos","Muebles"
"586","Mesa de comedor","971.59","532.25","Reúne a tu familia para comer juntos","Muebles"
"587","Mesa de comedor","971.59","532.25","Reúne a tu familia para comer juntos","Muebles"
"588","Mesa de comedor","971.59","532.25","Reúne a tu familia para comer juntos","Muebles"
"589","Silla","194.61","443.63","Ideal para cualquier espacio","Muebles"
"590","Silla","194.61","443.63","Ideal para cualquier espacio","Muebles"
"591","Silla","194.61","443.63","Ideal para cualquier espacio","Muebles"
"592","Silla","194.61","443.63","Ideal para cualquier espacio","Muebles"
"593","Silla","194.61","443.63","Ideal para cualquier espacio","Muebles"
"594","Silla","194.61","443.63","Ideal para cualquier espacio","Muebles"
"595","Silla","194.61","443.63","Ideal para cualquier espacio","Muebles"
"596","Silla","194.61","443.63","Ideal para cualquier espacio","Muebles"
"597","Silla","194.61","443.63","Ideal para cualquier espacio","Muebles"
"598","Silla","194.61","443.63","Ideal para cualquier espacio","Muebles"
"599","Silla","194.61","443.63","Ideal para cualquier espacio","Muebles"
"600","Silla","194.61","443.63","Ideal para cualquier espacio","Muebles"
"601","Silla","194.61","443.63","Ideal para cualquier espacio","Muebles"
"602","Silla","194.61","443.63","Ideal para cualquier espacio","Muebles"
"603","Estantería","315.39","123.37","Organiza tus libros y adornos","Muebles"
"604","Estantería","315.39","123.37","Organiza tus libros y adornos","Muebles"
"605","Estantería","315.39","123.37","Organiza tus libros y adornos","Muebles"
"606","Estantería","315.39","123.37","Organiza tus libros y adornos","Muebles"
"607","Estantería","315.39","123.37","Organiza tus libros y adornos","Muebles"
"608","Estantería","315.39","123.37","Organiza tus libros y adornos","Muebles"
"609","Estantería","315.39","123.37","Organiza tus libros y adornos","Muebles"
"610","Estantería","315.39","123.37","Organiza tus libros y adornos","Muebles"
"611","Estantería","315.39","123.37","Organiza tus libros y adornos","Muebles"
"612","Estantería","315.39","123.37","Organiza tus libros y adornos","Muebles"
"613","Estantería","315.39","123.37","Organiza tus libros y adornos","Muebles"
"614","Estantería","315.39","123.37","Organiza tus libros y adornos","Muebles"
"615","Estantería","315.39","123.37","Organiza tus libros y adornos","Muebles"
"616","Estantería","315.39","123.37","Organiza tus libros y adornos","Muebles"
"617","Escritorio","788.25","622.5","Perfecto para tus horas de trabajo","Muebles"
"618","Escritorio","788.25","622.5","Perfecto para tus horas de trabajo","Muebles"
"619","Escritorio","788.25","622.5","Perfecto para tus horas de trabajo","Muebles"
"620","Escritorio","788.25","622.5","Perfecto para tus horas de trabajo","Muebles"
"621","Escritorio","788.25","622.5","Perfecto para tus horas de trabajo","Muebles"
"622","Escritorio","788.25","622.5","Perfecto para tus horas de trabajo","Muebles"
"623","Escritorio","788.25","622.5","Perfecto para tus horas de trabajo","Muebles"
"624","Escritorio","788.25","622.5","Perfecto para tus horas de trabajo","Muebles"
"625","Escritorio","788.25","622.5","Perfecto para tus horas de trabajo","Muebles"
"626","Escritorio","788.25","622.5","Perfecto para tus horas de trabajo","Muebles"
"627","Escritorio","788.25","622.5","Perfecto para tus horas de trabajo","Muebles"
"628","Escritorio","788.25","622.5","Perfecto para tus horas de trabajo","Muebles"
"629","Escritorio","788.25","622.5","Perfecto para tus horas de trabajo","Muebles"
"630","Escritorio","788.25","622.5","Perfecto para tus horas de trabajo","Muebles"
"631","Maceta","170.09","655.18","Ideal para tus plantas","Jardineria"
"632","Maceta","170.09","655.18","Ideal para tus plantas","Jardineria"
"633","Maceta","170.09","655.18","Ideal para tus plantas","Jardineria"
"634","Maceta","170.09","655.18","Ideal para tus plantas","Jardineria"
"635","Maceta","170.09","655.18","Ideal para tus plantas","Jardineria"
"636","Maceta","170.09","655.18","Ideal para tus plantas","Jardineria"
"637","Maceta","170.09","655.18","Ideal para tus plantas","Jardineria"
"638","Maceta","170.09","655.18","Ideal para tus plantas","Jardineria"
"639","Maceta","170.09","655.18","Ideal para tus plantas","Jardineria"
"640","Maceta","170.09","655.18","Ideal para tus plantas","Jardineria"
"641","Maceta","170.09","655.18","Ideal para tus plantas","Jardineria"
"642","Maceta","170.09","655.18","Ideal para tus plantas","Jardineria"
"643","Maceta","170.09","655.18","Ideal para tus plantas","Jardineria"
"644","Maceta","170.09","655.18","Ideal para tus plantas","Jardineria"
"645","Herramientas de jardinería","686.69","380.01","Todo lo necesario para el cuidado del jardín","Jardineria"
"646","Herramientas de jardinería","686.69","380.01","Todo lo necesario para el cuidado del jardín","Jardineria"
"647","Herramientas de jardinería","686.69","380.01","Todo lo necesario para el cuidado del jardín","Jardineria"
"648","Herramientas de jardinería","686.69","380.01","Todo lo necesario para el cuidado del jardín","Jardineria"
"649","Herramientas de jardinería","686.69","380.01","Todo lo necesario para el cuidado del jardín","Jardineria"
"650","Herramientas de jardinería","686.69","380.01","Todo lo necesario para el cuidado del jardín","Jardineria"
"651","Herramientas de jardinería","686.69","380.01","Todo lo necesario para el cuidado del jardín","Jardineria"
"652","Herramientas de jardinería","686.69","380.01","Todo lo necesario para el cuidado del jardín","Jardineria"
"653","Herramientas de jardinería","686.69","380.01","Todo lo necesario para el cuidado del jardín","Jardineria"
"654","Herramientas de jardinería","686.69","380.01","Todo lo necesario para el cuidado del jardín","Jardineria"
"655","Herramientas de jardinería","686.69","380.01","Todo lo necesario para el cuidado del jardín","Jardineria"
"656","Herramientas de jardinería","686.69","380.01","Todo lo necesario para el cuidado del jardín","Jardineria"
"657","Herramientas de jardinería","686.69","380.01","Todo lo necesario para el cuidado del jardín","Jardineria"
"658","Herramientas de jardinería","686.69","380.01","Todo lo necesario para el cuidado del jardín","Jardineria"
"659","Semillas","679.67","594.89","Cultiva tus propias plantas y verduras","Jardineria"
"660","Semillas","679.67","594.89","Cultiva tus propias plantas y verduras","Jardineria"
"661","Semillas","679.67","594.89","Cultiva tus propias plantas y verduras","Jardineria"
"662","Semillas","679.67","594.89","Cultiva tus propias plantas y verduras","Jardineria"
"663","Semillas","679.67","594.89","Cultiva tus propias plantas y verduras","Jardineria"
"664","Semillas","679.67","594.89","Cultiva tus propias plantas y verduras","Jardineria"
"665","Semillas","679.67","594.89","Cultiva tus propias plantas y verduras","Jardineria"
"666","Semillas","679.67","594.89","Cultiva tus propias plantas y verduras","Jardineria"
"667","Semillas","679.67","594.89","Cultiva tus propias plantas y verduras","Jardineria"
"668","Semillas","679.67","594.89","Cultiva tus propias plantas y verduras","Jardineria"
"669","Semillas","679.67","594.89","Cultiva tus propias plantas y verduras","Jardineria"
"670","Semillas","679.67","594.89","Cultiva tus propias plantas y verduras","Jardineria"
"671","Semillas","679.67","594.89","Cultiva tus propias plantas y verduras","Jardineria"
"672","Semillas","679.67","594.89","Cultiva tus propias plantas y verduras","Jardineria"
"673","Fertilizante","197.48","155.38","Nutre tus plantas","Jardineria"
"674","Fertilizante","197.48","155.38","Nutre tus plantas","Jardineria"
"675","Fertilizante","197.48","155.38","Nutre tus plantas","Jardineria"
"676","Fertilizante","197.48","155.38","Nutre tus plantas","Jardineria"
"677","Fertilizante","197.48","155.38","Nutre tus plantas","Jardineria"
"678","Fertilizante","197.48","155.38","Nutre tus plantas","Jardineria"
"679","Fertilizante","197.48","155.38","Nutre tus plantas","Jardineria"
"680","Fertilizante","197.48","155.38","Nutre tus plantas","Jardineria"
"681","Fertilizante","197.48","155.38","Nutre tus plantas","Jardineria"
"682","Fertilizante","197.48","155.38","Nutre tus plantas","Jardineria"
"683","Fertilizante","197.48","155.38","Nutre tus plantas","Jardineria"
"684","Fertilizante","197.48","155.38","Nutre tus plantas","Jardineria"
"685","Fertilizante","197.48","155.38","Nutre tus plantas","Jardineria"
"686","Fertilizante","197.48","155.38","Nutre tus plantas","Jardineria"
"687","Regadera","543.73","257.35","Mantén tus plantas hidratadas","Jardineria"
"688","Regadera","543.73","257.35","Mantén tus plantas hidratadas","Jardineria"
"689","Regadera","543.73","257.35","Mantén tus plantas hidratadas","Jardineria"
"690","Regadera","543.73","257.35","Mantén tus plantas hidratadas","Jardineria"
"691","Regadera","543.73","257.35","Mantén tus plantas hidratadas","Jardineria"
"692","Regadera","543.73","257.35","Mantén tus plantas hidratadas","Jardineria"
"693","Regadera","543.73","257.35","Mantén tus plantas hidratadas","Jardineria"
"694","Regadera","543.73","257.35","Mantén tus plantas hidratadas","Jardineria"
"695","Regadera","543.73","257.35","Mantén tus plantas hidratadas","Jardineria"
"696","Regadera","543.73","257.35","Mantén tus plantas hidratadas","Jardineria"
"697","Regadera","543.73","257.35","Mantén tus plantas hidratadas","Jardineria"
"698","Regadera","543.73","257.35","Mantén tus plantas hidratadas","Jardineria"
"699","Regadera","543.73","257.35","Mantén tus plantas hidratadas","Jardineria"
"700","Regadera","543.73","257.35","Mantén tus plantas hidratadas","Jardineria"
