id_cliente,id_orden_compra,categorias,uso,accesibilidad
504,1,Hogar:Ropa:Jardinería:Electrónica,Venta,Exterior
467,2,Electrónica:Deportes:Jardinería,Personal,Exterior
644,3,Ropa,Personal,Exterior
432,4,Ropa:Hogar:Electrónica:Deportes:Jardinería,Venta,Interior
522,5,Hogar:Jardinería:Deportes,Venta,Interior
252,6,Ropa:Hogar:Jardinería:Electrónica:Deportes,Venta,Exterior
74,7,Deportes:Ropa,Venta,Interior
165,8,Deportes:Ropa,Venta,Exterior
696,9,Jardinería:Hogar,Personal,Interior
284,10,Electrónica:Hogar:Deportes,Venta,Exterior
443,11,Deportes:Jardinería:Ropa,Venta,Exterior
321,12,Hogar,Personal,Exterior
162,13,Jardinería:Deportes:Ropa,Personal,Exterior
549,14,Electrónica:Ropa:Hogar:Deportes,Venta,Exterior
534,15,Deportes:Jardinería:Ropa,Venta,Interior
141,16,Hogar:Electrónica:Deportes,Venta,Interior
428,17,Ropa:Hogar,Personal,Exterior
286,18,Deportes,Venta,Interior
541,19,Hogar,Personal,Interior
249,20,Deportes:Electrónica:Hogar,Personal,Interior
403,21,Jardinería:Deportes:Electrónica:Hogar,Venta,Exterior
431,22,Hogar:Electrónica:Ropa:Jardinería:Deportes,Personal,Interior
263,23,Electrónica:Deportes,Venta,Interior
480,24,Hogar:Jardinería,Personal,Exterior
189,25,Electrónica:Deportes:Jardinería,Personal,Exterior
692,26,Deportes:Jardinería:Ropa,Venta,Exterior
48,27,Electrónica:Hogar:Ropa,Personal,Interior
127,28,Hogar:Electrónica:Jardinería,Venta,Interior
121,29,Jardinería,Personal,Interior
267,30,Deportes:Hogar:Electrónica:Jardinería:Ropa,Personal,Interior
506,31,Ropa:Deportes:Jardinería:Hogar:Electrónica,Venta,Interior
611,32,Ropa:Hogar:Electrónica,Personal,Exterior
29,33,Deportes:Hogar,Personal,Exterior
314,34,Electrónica,Personal,Interior
154,35,Jardinería:Deportes:Electrónica,Venta,Interior
576,36,Electrónica:Jardinería:Hogar:Ropa:Deportes,Venta,Interior
112,37,Hogar,Venta,Interior
39,38,Electrónica:Hogar:Ropa:Deportes:Jardinería,Personal,Interior
192,39,Ropa:Electrónica:Deportes:Hogar:Jardinería,Personal,Exterior
598,40,Ropa:Jardinería,Personal,Exterior
157,41,Ropa:Jardinería:Electrónica,Venta,Exterior
217,42,Hogar:Electrónica:Deportes:Ropa,Venta,Interior
566,43,Deportes:Hogar:Electrónica,Personal,Interior
446,44,Hogar:Electrónica:Ropa:Jardinería:Deportes,Personal,Exterior
441,45,Deportes:Hogar,Personal,Exterior
351,46,Jardinería,Personal,Interior
365,47,Deportes:Hogar:Electrónica,Venta,Interior
632,48,Deportes:Ropa:Electrónica:Hogar:Jardinería,Venta,Exterior
586,49,Deportes:Ropa,Venta,Exterior
599,50,Jardinería:Ropa,Venta,Exterior
658,51,Jardinería,Venta,Exterior
319,52,Ropa:Deportes:Electrónica:Jardinería,Personal,Exterior
120,53,Electrónica:Deportes,Personal,Exterior
208,54,Ropa:Hogar:Deportes:Electrónica:Jardinería,Venta,Interior
174,55,Electrónica:Jardinería:Ropa:Deportes,Personal,Interior
109,56,Deportes:Ropa:Hogar:Jardinería,Venta,Exterior
382,57,Ropa:Hogar:Jardinería:Electrónica,Venta,Interior
282,58,Ropa:Electrónica,Venta,Interior
401,59,Electrónica:Ropa:Deportes:Jardinería,Personal,Interior
617,60,Electrónica:Hogar,Personal,Interior
417,61,Deportes:Jardinería:Electrónica:Hogar,Venta,Interior
92,62,Electrónica:Hogar:Jardinería:Ropa,Venta,Interior
289,63,Hogar,Personal,Interior
152,64,Deportes:Jardinería,Personal,Interior
539,65,Electrónica:Deportes:Hogar:Ropa,Personal,Exterior
15,66,Ropa:Hogar:Deportes,Venta,Interior
527,67,Deportes:Ropa,Venta,Exterior
622,68,Deportes:Electrónica,Venta,Interior
404,69,Hogar,Personal,Exterior
175,70,Electrónica,Venta,Exterior
306,71,Ropa:Jardinería:Electrónica,Venta,Exterior
137,72,Electrónica,Personal,Interior
148,73,Ropa:Jardinería:Hogar:Deportes,Venta,Exterior
363,74,Hogar:Deportes:Electrónica,Venta,Interior
466,75,Hogar:Deportes:Electrónica:Jardinería,Venta,Exterior
407,76,Jardinería:Electrónica:Ropa:Deportes,Venta,Interior
4,77,Deportes,Personal,Interior
335,78,Hogar,Personal,Interior
677,79,Ropa:Electrónica:Deportes:Hogar,Personal,Exterior
168,80,Ropa,Venta,Exterior
49,81,Jardinería:Electrónica:Hogar:Deportes,Personal,Interior
673,82,Hogar:Jardinería,Personal,Exterior
600,83,Jardinería:Ropa:Hogar,Personal,Exterior
521,84,Electrónica,Venta,Interior
450,85,Ropa:Hogar:Jardinería,Personal,Exterior
219,86,Electrónica:Ropa:Jardinería:Hogar:Deportes,Venta,Exterior
620,87,Hogar:Jardinería:Electrónica,Venta,Exterior
626,88,Jardinería:Ropa:Deportes,Venta,Interior
10,89,Jardinería:Ropa:Hogar:Deportes,Venta,Exterior
307,90,Deportes:Jardinería,Venta,Interior
151,91,Ropa:Jardinería:Electrónica,Venta,Exterior
205,92,Deportes,Venta,Exterior
528,93,Ropa:Hogar:Electrónica,Personal,Exterior
475,94,Deportes:Jardinería:Hogar:Ropa:Electrónica,Venta,Interior
479,95,Deportes:Ropa:Jardinería,Personal,Exterior
40,96,Hogar:Deportes:Electrónica,Personal,Interior
518,97,Ropa:Hogar:Electrónica:Deportes:Jardinería,Personal,Exterior
372,98,Ropa:Jardinería:Electrónica:Hogar,Venta,Interior
424,99,Jardinería:Electrónica:Ropa,Venta,Exterior
53,100,Hogar,Venta,Exterior
273,101,Jardinería:Ropa,Personal,Interior
666,102,Electrónica:Deportes:Jardinería:Ropa:Hogar,Venta,Exterior
150,103,Jardinería:Deportes:Ropa:Hogar,Personal,Exterior
641,104,Hogar:Deportes:Ropa:Jardinería:Electrónica,Personal,Interior
415,105,Electrónica:Jardinería,Venta,Interior
257,106,Electrónica:Deportes:Ropa:Jardinería,Venta,Interior
572,107,Electrónica:Jardinería:Hogar:Deportes,Venta,Interior
183,108,Hogar,Venta,Exterior
452,109,Ropa:Electrónica,Personal,Interior
470,110,Hogar,Venta,Interior
190,111,Ropa:Electrónica,Venta,Interior
381,112,Ropa,Venta,Interior
388,113,Deportes:Jardinería:Ropa:Hogar:Electrónica,Personal,Interior
237,114,Jardinería:Ropa:Deportes:Electrónica:Hogar,Venta,Exterior
457,115,Electrónica:Deportes,Personal,Exterior
234,116,Jardinería,Personal,Interior
418,117,Hogar:Jardinería,Personal,Interior
548,118,Ropa:Electrónica:Hogar:Jardinería,Personal,Interior
370,119,Deportes:Jardinería:Ropa,Personal,Interior
318,120,Ropa:Jardinería:Hogar,Venta,Interior
301,121,Hogar,Venta,Interior
281,122,Hogar:Deportes:Ropa:Jardinería,Venta,Interior
494,123,Deportes:Ropa:Jardinería,Venta,Interior
78,124,Deportes:Hogar,Personal,Interior
500,125,Hogar:Deportes:Ropa:Jardinería,Venta,Interior
247,126,Ropa,Venta,Exterior
131,127,Hogar:Ropa:Electrónica,Venta,Exterior
250,128,Hogar:Ropa:Jardinería,Personal,Exterior
315,129,Deportes:Ropa:Jardinería:Hogar:Electrónica,Venta,Interior
47,130,Jardinería,Personal,Exterior
663,131,Deportes:Electrónica:Hogar,Personal,Exterior
35,132,Hogar:Deportes,Venta,Interior
601,133,Ropa:Electrónica:Deportes,Personal,Interior
274,134,Hogar:Jardinería,Personal,Interior
312,135,Jardinería:Hogar:Deportes,Personal,Interior
277,136,Ropa:Electrónica:Hogar,Venta,Interior
605,137,Jardinería:Deportes,Venta,Exterior
56,138,Electrónica:Ropa:Jardinería:Deportes:Hogar,Venta,Exterior
587,139,Ropa:Jardinería,Personal,Exterior
481,140,Ropa:Jardinería,Venta,Exterior
201,141,Ropa:Jardinería,Personal,Exterior
55,142,Hogar:Electrónica:Ropa:Jardinería:Deportes,Personal,Exterior
253,143,Electrónica:Deportes,Personal,Exterior
669,144,Ropa:Electrónica,Venta,Interior
434,145,Electrónica:Jardinería:Ropa:Hogar,Venta,Exterior
531,146,Deportes:Hogar:Electrónica:Jardinería,Venta,Interior
57,147,Ropa:Electrónica:Deportes:Hogar:Jardinería,Venta,Interior
159,148,Hogar:Jardinería:Deportes:Electrónica,Personal,Exterior
516,149,Electrónica:Hogar:Ropa:Deportes:Jardinería,Venta,Exterior
602,150,Ropa,Personal,Exterior
311,151,Hogar:Deportes:Ropa:Jardinería:Electrónica,Venta,Exterior
595,152,Hogar:Ropa:Deportes,Personal,Interior
456,153,Electrónica:Jardinería:Ropa:Deportes:Hogar,Personal,Exterior
170,154,Electrónica:Hogar:Ropa:Jardinería,Personal,Exterior
517,155,Jardinería,Personal,Exterior
338,156,Jardinería:Hogar,Venta,Interior
459,157,Deportes:Hogar:Electrónica,Personal,Exterior
36,158,Ropa:Hogar,Venta,Interior
482,159,Electrónica:Hogar,Venta,Interior
606,160,Hogar,Venta,Interior
629,161,Jardinería:Deportes,Venta,Interior
129,162,Electrónica,Personal,Exterior
80,163,Electrónica,Venta,Interior
229,164,Jardinería:Ropa:Electrónica,Personal,Exterior
609,165,Jardinería:Hogar:Ropa:Deportes,Personal,Interior
578,166,Electrónica:Hogar:Jardinería,Personal,Interior
631,167,Hogar:Electrónica:Ropa,Personal,Interior
45,168,Hogar:Ropa:Jardinería:Electrónica,Personal,Interior
436,169,Electrónica,Personal,Interior
163,170,Deportes:Ropa,Personal,Exterior
412,171,Electrónica:Ropa:Jardinería,Personal,Interior
241,172,Ropa:Deportes:Hogar,Venta,Interior
362,173,Electrónica:Deportes:Hogar,Venta,Exterior
366,174,Jardinería:Hogar:Ropa,Venta,Exterior
532,175,Ropa:Hogar,Personal,Interior
683,176,Ropa:Electrónica:Deportes,Personal,Exterior
20,177,Electrónica:Jardinería,Venta,Exterior
122,178,Ropa:Hogar:Deportes,Personal,Interior
46,179,Hogar:Electrónica:Deportes:Jardinería,Personal,Interior
198,180,Jardinería:Electrónica,Personal,Exterior
501,181,Ropa:Jardinería:Hogar:Deportes:Electrónica,Personal,Exterior
58,182,Hogar:Electrónica:Jardinería,Venta,Interior
96,183,Ropa:Electrónica:Deportes:Hogar:Jardinería,Venta,Exterior
454,184,Deportes:Hogar:Jardinería:Electrónica:Ropa,Personal,Exterior
210,185,Deportes:Jardinería,Venta,Exterior
130,186,Deportes:Ropa:Jardinería:Electrónica,Venta,Exterior
687,187,Electrónica:Jardinería:Deportes:Ropa:Hogar,Venta,Exterior
386,188,Electrónica:Hogar,Venta,Interior
199,189,Jardinería:Electrónica,Personal,Interior
464,190,Jardinería:Electrónica:Deportes:Ropa:Hogar,Venta,Exterior
682,191,Hogar:Electrónica:Deportes:Ropa:Jardinería,Personal,Interior
426,192,Ropa:Jardinería,Venta,Exterior
342,193,Electrónica,Personal,Exterior
469,194,Deportes:Electrónica:Ropa:Jardinería:Hogar,Venta,Exterior
16,195,Ropa:Deportes:Electrónica:Hogar:Jardinería,Personal,Exterior
255,196,Deportes:Jardinería:Hogar:Ropa:Electrónica,Venta,Interior
246,197,Electrónica:Ropa:Jardinería:Deportes:Hogar,Personal,Exterior
430,198,Hogar,Venta,Interior
556,199,Hogar,Venta,Exterior
579,200,Electrónica:Jardinería,Venta,Interior
358,201,Hogar,Venta,Interior
71,202,Hogar:Ropa,Venta,Interior
402,203,Electrónica:Deportes:Ropa:Hogar,Personal,Exterior
497,204,Hogar:Deportes,Personal,Interior
508,205,Hogar:Deportes:Jardinería:Ropa:Electrónica,Venta,Interior
373,206,Hogar,Venta,Interior
164,207,Hogar:Jardinería:Electrónica,Venta,Exterior
331,208,Deportes:Ropa,Personal,Interior
83,209,Electrónica:Deportes:Hogar:Jardinería,Personal,Exterior
510,210,Deportes:Hogar:Electrónica,Venta,Interior
495,211,Ropa:Electrónica:Deportes,Personal,Exterior
89,212,Electrónica:Deportes:Jardinería,Venta,Interior
465,213,Ropa:Electrónica:Deportes:Hogar,Venta,Exterior
133,214,Deportes:Jardinería:Hogar:Ropa,Venta,Interior
458,215,Deportes:Hogar:Jardinería:Electrónica:Ropa,Personal,Interior
59,216,Electrónica:Jardinería:Hogar:Ropa,Venta,Exterior
90,217,Electrónica:Hogar:Jardinería:Deportes,Venta,Interior
570,218,Electrónica:Deportes:Ropa:Jardinería:Hogar,Venta,Interior
688,219,Jardinería:Electrónica:Hogar,Personal,Exterior
646,220,Electrónica,Venta,Exterior
79,221,Electrónica:Ropa,Venta,Exterior
135,222,Hogar:Ropa,Venta,Interior
546,223,Hogar,Venta,Exterior
17,224,Ropa:Deportes,Venta,Exterior
680,225,Deportes:Hogar:Ropa:Jardinería,Venta,Interior
287,226,Electrónica:Deportes:Jardinería:Ropa,Personal,Exterior
672,227,Electrónica:Ropa:Deportes,Personal,Exterior
69,228,Jardinería,Personal,Interior
619,229,Ropa:Jardinería:Electrónica:Deportes:Hogar,Personal,Interior
427,230,Hogar:Deportes,Venta,Exterior
309,231,Hogar,Venta,Exterior
50,232,Electrónica:Jardinería:Deportes:Hogar,Venta,Exterior
455,233,Hogar:Jardinería:Ropa:Deportes,Personal,Interior
361,234,Electrónica,Personal,Exterior
128,235,Ropa,Personal,Interior
276,236,Jardinería,Personal,Exterior
220,237,Jardinería:Deportes:Ropa:Electrónica:Hogar,Personal,Interior
699,238,Ropa:Jardinería:Hogar:Electrónica:Deportes,Personal,Exterior
545,239,Jardinería,Venta,Interior
13,240,Hogar:Deportes:Jardinería:Electrónica,Personal,Exterior
294,241,Ropa:Jardinería:Hogar:Electrónica,Venta,Interior
65,242,Hogar:Jardinería,Venta,Interior
98,243,Ropa:Hogar:Electrónica,Venta,Exterior
662,244,Jardinería:Hogar,Venta,Exterior
262,245,Deportes:Jardinería:Hogar:Ropa,Venta,Exterior
218,246,Jardinería:Hogar:Deportes:Electrónica:Ropa,Venta,Interior
451,247,Electrónica,Personal,Interior
196,248,Ropa:Deportes,Venta,Interior
327,249,Jardinería:Deportes,Venta,Interior
700,250,Hogar:Ropa:Jardinería,Personal,Interior
554,251,Electrónica:Ropa,Venta,Exterior
638,252,Ropa,Venta,Interior
453,253,Hogar:Deportes:Jardinería:Ropa:Electrónica,Personal,Exterior
177,254,Hogar,Personal,Interior
674,255,Hogar,Venta,Exterior
621,256,Hogar:Electrónica,Personal,Interior
132,257,Hogar:Jardinería,Personal,Exterior
91,258,Deportes:Hogar,Personal,Interior
70,259,Electrónica:Deportes:Hogar:Ropa:Jardinería,Venta,Interior
552,260,Electrónica,Venta,Exterior
223,261,Ropa:Jardinería:Hogar:Electrónica:Deportes,Venta,Exterior
38,262,Deportes,Personal,Exterior
76,263,Jardinería:Ropa,Venta,Exterior
235,264,Jardinería,Venta,Interior
256,265,Electrónica:Hogar:Jardinería,Venta,Interior
84,266,Jardinería:Ropa,Personal,Interior
425,267,Deportes,Venta,Exterior
509,268,Ropa,Personal,Exterior
439,269,Ropa:Jardinería,Venta,Exterior
462,270,Deportes,Venta,Exterior
512,271,Ropa:Electrónica,Venta,Interior
411,272,Hogar:Ropa,Venta,Interior
86,273,Electrónica:Hogar:Ropa:Deportes:Jardinería,Personal,Interior
240,274,Electrónica:Jardinería:Deportes:Hogar,Personal,Interior
524,275,Jardinería:Hogar:Ropa:Deportes,Venta,Exterior
326,276,Deportes,Personal,Interior
66,277,Deportes,Personal,Interior
364,278,Jardinería:Hogar,Venta,Exterior
343,279,Deportes:Electrónica:Jardinería,Venta,Interior
243,280,Jardinería:Ropa:Electrónica:Deportes,Venta,Exterior
378,281,Jardinería:Hogar:Electrónica,Personal,Exterior
693,282,Jardinería:Deportes:Hogar,Personal,Exterior
191,283,Deportes:Electrónica:Hogar:Jardinería:Ropa,Venta,Interior
695,284,Ropa:Deportes,Venta,Exterior
514,285,Ropa:Hogar:Jardinería:Deportes:Electrónica,Personal,Exterior
678,286,Deportes:Jardinería:Ropa:Electrónica:Hogar,Venta,Interior
22,287,Electrónica,Personal,Interior
400,288,Deportes:Ropa:Jardinería:Hogar:Electrónica,Venta,Interior
594,289,Ropa:Electrónica:Deportes,Venta,Interior
320,290,Hogar:Electrónica:Ropa:Deportes:Jardinería,Personal,Interior
77,291,Ropa:Hogar:Deportes:Electrónica,Venta,Interior
44,292,Ropa,Venta,Exterior
85,293,Deportes:Jardinería,Venta,Interior
178,294,Ropa:Deportes:Jardinería,Personal,Interior
582,295,Jardinería:Deportes:Ropa,Personal,Interior
654,296,Deportes,Personal,Interior
104,297,Ropa:Deportes,Personal,Interior
671,298,Electrónica:Hogar:Ropa:Jardinería:Deportes,Venta,Interior
224,299,Jardinería:Deportes,Personal,Interior
577,300,Electrónica,Personal,Interior
537,301,Ropa:Hogar:Deportes:Jardinería,Personal,Exterior
195,302,Electrónica:Deportes,Venta,Exterior
387,303,Electrónica,Venta,Exterior
211,304,Hogar:Electrónica,Venta,Interior
123,305,Ropa:Electrónica:Hogar,Personal,Interior
613,306,Electrónica:Deportes:Hogar:Ropa:Jardinería,Venta,Exterior
492,307,Jardinería,Venta,Interior
367,308,Electrónica,Personal,Interior
197,309,Jardinería:Deportes:Hogar,Venta,Exterior
126,310,Hogar:Jardinería:Electrónica:Deportes:Ropa,Venta,Interior
355,311,Electrónica:Jardinería,Venta,Exterior
650,312,Hogar:Jardinería,Personal,Exterior
352,313,Ropa:Deportes:Electrónica:Jardinería,Venta,Exterior
551,314,Ropa:Jardinería,Venta,Interior
593,315,Ropa:Hogar,Venta,Exterior
420,316,Hogar:Electrónica,Personal,Interior
379,317,Deportes:Ropa:Electrónica:Jardinería:Hogar,Personal,Interior
181,318,Deportes:Hogar:Electrónica:Ropa:Jardinería,Venta,Interior
416,319,Ropa:Hogar:Jardinería:Deportes:Electrónica,Venta,Interior
380,320,Ropa:Electrónica:Jardinería:Hogar:Deportes,Personal,Interior
359,321,Hogar,Venta,Exterior
144,322,Electrónica:Ropa:Hogar,Personal,Exterior
659,323,Deportes:Hogar:Electrónica:Jardinería,Personal,Interior
357,324,Electrónica:Jardinería:Hogar:Deportes:Ropa,Personal,Interior
553,325,Ropa,Personal,Exterior
136,326,Ropa:Jardinería:Hogar:Deportes,Personal,Interior
664,327,Deportes:Ropa:Hogar:Jardinería:Electrónica,Personal,Exterior
317,328,Ropa:Jardinería:Electrónica:Deportes,Venta,Interior
230,329,Hogar,Personal,Exterior
413,330,Ropa,Personal,Interior
213,331,Hogar:Electrónica:Deportes,Venta,Exterior
125,332,Jardinería,Venta,Exterior
171,333,Hogar:Ropa,Venta,Interior
322,334,Deportes:Jardinería:Hogar:Ropa,Personal,Exterior
520,335,Electrónica,Personal,Exterior
160,336,Jardinería,Venta,Exterior
397,337,Ropa:Deportes:Jardinería:Electrónica,Venta,Interior
634,338,Electrónica:Deportes:Hogar,Venta,Exterior
156,339,Jardinería:Deportes:Electrónica,Venta,Exterior
423,340,Deportes:Jardinería:Ropa:Hogar,Personal,Exterior
7,341,Jardinería:Hogar:Electrónica:Deportes:Ropa,Personal,Interior
502,342,Hogar:Ropa:Jardinería:Electrónica,Venta,Interior
114,343,Ropa:Jardinería,Personal,Exterior
72,344,Jardinería:Hogar:Ropa:Electrónica,Personal,Exterior
173,345,Electrónica:Deportes,Personal,Exterior
18,346,Jardinería:Hogar,Venta,Exterior
212,347,Electrónica:Ropa,Personal,Exterior
396,348,Hogar:Ropa:Jardinería:Electrónica,Venta,Exterior
292,349,Electrónica:Deportes:Hogar:Jardinería,Venta,Exterior
214,350,Hogar:Deportes:Ropa,Venta,Interior
429,351,Jardinería:Ropa:Hogar,Personal,Exterior
202,352,Electrónica,Personal,Exterior
607,353,Hogar:Electrónica:Jardinería,Venta,Exterior
187,354,Hogar:Electrónica,Personal,Interior
142,355,Ropa,Personal,Interior
529,356,Jardinería,Personal,Interior
254,357,Ropa:Electrónica:Hogar:Jardinería:Deportes,Personal,Exterior
535,358,Jardinería:Ropa,Personal,Interior
624,359,Jardinería:Hogar:Ropa:Electrónica:Deportes,Venta,Interior
239,360,Hogar:Jardinería:Ropa:Electrónica:Deportes,Venta,Interior
30,361,Hogar:Electrónica:Deportes:Ropa:Jardinería,Venta,Interior
344,362,Ropa:Electrónica,Personal,Interior
139,363,Electrónica,Venta,Exterior
186,364,Jardinería:Ropa:Hogar:Deportes,Personal,Interior
486,365,Electrónica:Ropa:Hogar,Venta,Exterior
259,366,Electrónica:Deportes:Ropa:Hogar:Jardinería,Personal,Interior
675,367,Deportes:Hogar:Electrónica:Jardinería,Personal,Interior
75,368,Jardinería:Deportes:Hogar:Ropa:Electrónica,Personal,Interior
575,369,Ropa:Deportes,Venta,Exterior
463,370,Deportes:Electrónica:Jardinería:Ropa:Hogar,Venta,Exterior
438,371,Deportes:Ropa:Hogar:Jardinería:Electrónica,Venta,Exterior
32,372,Electrónica,Personal,Exterior
33,373,Jardinería,Venta,Exterior
180,374,Hogar:Jardinería:Electrónica:Ropa,Personal,Interior
43,375,Electrónica:Deportes:Ropa:Jardinería,Personal,Interior
565,376,Ropa:Electrónica:Deportes:Jardinería:Hogar,Venta,Interior
653,377,Deportes:Electrónica,Venta,Exterior
685,378,Ropa:Jardinería:Electrónica:Hogar,Venta,Interior
260,379,Hogar:Deportes:Ropa:Jardinería,Personal,Exterior
209,380,Hogar:Jardinería:Deportes:Ropa,Venta,Interior
194,381,Hogar:Deportes:Ropa:Jardinería:Electrónica,Venta,Interior
656,382,Ropa:Hogar:Electrónica,Venta,Interior
94,383,Electrónica:Deportes:Hogar:Jardinería:Ropa,Personal,Exterior
390,384,Electrónica:Hogar:Jardinería,Venta,Interior
686,385,Electrónica:Jardinería:Hogar,Personal,Exterior
238,386,Deportes:Jardinería:Hogar,Personal,Interior
499,387,Jardinería,Venta,Exterior
550,388,Jardinería:Ropa:Hogar:Electrónica,Venta,Interior
571,389,Jardinería:Hogar,Venta,Interior
511,390,Deportes:Ropa,Venta,Interior
302,391,Deportes:Jardinería:Electrónica,Venta,Interior
543,392,Electrónica:Hogar:Ropa:Deportes,Venta,Interior
536,393,Electrónica:Deportes:Jardinería,Venta,Exterior
405,394,Hogar:Electrónica:Ropa,Venta,Interior
567,395,Electrónica:Jardinería:Deportes:Ropa,Personal,Interior
349,396,Jardinería:Hogar,Venta,Exterior
557,397,Electrónica:Jardinería:Deportes,Venta,Exterior
204,398,Jardinería:Deportes:Ropa:Hogar:Electrónica,Venta,Exterior
433,399,Deportes,Venta,Interior
31,400,Hogar:Ropa:Deportes:Jardinería:Electrónica,Venta,Exterior
661,401,Electrónica,Venta,Exterior
538,402,Hogar:Ropa,Venta,Exterior
490,403,Electrónica:Deportes,Personal,Exterior
169,404,Ropa,Venta,Interior
468,405,Electrónica:Deportes:Ropa:Hogar,Personal,Interior
640,406,Hogar:Ropa,Venta,Exterior
485,407,Hogar:Ropa,Venta,Exterior
232,408,Electrónica:Jardinería:Ropa,Personal,Exterior
697,409,Ropa,Personal,Interior
8,410,Jardinería:Deportes,Personal,Interior
145,411,Deportes:Ropa:Jardinería:Electrónica,Venta,Interior
304,412,Ropa:Electrónica:Hogar:Jardinería,Personal,Interior
97,413,Electrónica:Jardinería,Personal,Exterior
341,414,Ropa:Deportes,Personal,Interior
633,415,Electrónica:Jardinería:Hogar,Personal,Interior
580,416,Hogar:Electrónica:Ropa:Deportes:Jardinería,Venta,Interior
523,417,Ropa:Deportes:Electrónica:Hogar,Venta,Exterior
384,418,Ropa:Electrónica:Jardinería:Deportes:Hogar,Personal,Exterior
268,419,Jardinería:Hogar:Deportes,Venta,Exterior
507,420,Jardinería:Hogar:Ropa:Electrónica:Deportes,Personal,Interior
540,421,Jardinería:Deportes:Hogar,Venta,Exterior
24,422,Jardinería:Hogar:Ropa:Deportes:Electrónica,Venta,Exterior
179,423,Ropa,Venta,Interior
648,424,Ropa:Electrónica,Venta,Exterior
42,425,Hogar:Electrónica:Jardinería:Ropa:Deportes,Venta,Exterior
14,426,Jardinería,Personal,Exterior
690,427,Electrónica:Hogar:Jardinería,Venta,Exterior
513,428,Electrónica,Venta,Exterior
460,429,Hogar:Jardinería:Deportes:Ropa:Electrónica,Personal,Interior
564,430,Jardinería:Hogar:Ropa:Deportes,Personal,Exterior
21,431,Deportes:Electrónica:Ropa,Venta,Interior
655,432,Jardinería:Hogar:Deportes:Electrónica:Ropa,Personal,Exterior
491,433,Deportes:Ropa,Personal,Interior
589,434,Ropa,Venta,Interior
329,435,Ropa:Deportes:Hogar,Personal,Exterior
82,436,Electrónica:Deportes:Ropa:Jardinería,Personal,Interior
264,437,Deportes:Hogar:Ropa:Electrónica,Personal,Exterior
591,438,Hogar:Ropa:Electrónica:Deportes:Jardinería,Venta,Interior
561,439,Ropa,Personal,Exterior
398,440,Ropa:Jardinería:Electrónica,Venta,Exterior
117,441,Hogar:Jardinería:Electrónica:Ropa:Deportes,Venta,Exterior
684,442,Jardinería:Electrónica:Ropa,Venta,Interior
679,443,Deportes:Ropa:Electrónica:Jardinería,Personal,Interior
435,444,Ropa:Hogar,Personal,Exterior
158,445,Electrónica:Jardinería,Personal,Interior
369,446,Deportes:Jardinería:Electrónica,Venta,Interior
461,447,Deportes:Hogar,Venta,Interior
316,448,Jardinería,Personal,Interior
583,449,Deportes:Hogar:Electrónica,Personal,Interior
560,450,Electrónica:Jardinería,Personal,Interior
515,451,Deportes:Jardinería:Hogar:Electrónica:Ropa,Venta,Interior
280,452,Jardinería:Hogar:Ropa:Electrónica:Deportes,Personal,Exterior
472,453,Hogar:Deportes:Ropa:Electrónica,Venta,Exterior
489,454,Deportes:Electrónica:Hogar:Jardinería:Ropa,Venta,Interior
440,455,Ropa,Venta,Exterior
334,456,Ropa:Deportes:Electrónica,Personal,Interior
184,457,Ropa:Hogar:Jardinería:Deportes,Venta,Interior
60,458,Electrónica:Hogar,Personal,Interior
625,459,Ropa:Jardinería:Electrónica:Deportes,Venta,Exterior
336,460,Deportes:Hogar:Ropa,Personal,Interior
347,461,Hogar,Personal,Exterior
283,462,Deportes:Ropa:Electrónica,Personal,Interior
422,463,Hogar,Venta,Exterior
54,464,Ropa:Electrónica:Hogar:Deportes,Venta,Exterior
445,465,Jardinería:Electrónica:Hogar,Personal,Interior
651,466,Electrónica,Personal,Exterior
106,467,Hogar:Electrónica:Deportes:Jardinería,Venta,Exterior
493,468,Ropa:Deportes:Jardinería,Personal,Interior
166,469,Ropa:Electrónica:Jardinería:Hogar:Deportes,Venta,Exterior
138,470,Ropa:Hogar:Deportes:Electrónica,Personal,Interior
226,471,Jardinería:Electrónica:Ropa:Hogar,Venta,Exterior
73,472,Electrónica:Ropa:Hogar,Personal,Interior
573,473,Jardinería:Deportes:Electrónica,Venta,Interior
442,474,Jardinería:Ropa:Hogar,Personal,Interior
448,475,Ropa:Hogar:Jardinería,Venta,Exterior
668,476,Electrónica:Deportes:Ropa,Venta,Interior
303,477,Hogar:Ropa:Electrónica:Jardinería:Deportes,Personal,Interior
221,478,Jardinería:Deportes:Hogar,Venta,Exterior
134,479,Hogar,Venta,Exterior
542,480,Electrónica:Deportes,Personal,Exterior
2,481,Deportes:Hogar:Electrónica,Venta,Interior
639,482,Hogar:Ropa,Personal,Interior
374,483,Hogar,Venta,Exterior
525,484,Hogar:Jardinería:Deportes:Electrónica:Ropa,Venta,Exterior
324,485,Ropa:Electrónica:Deportes:Hogar:Jardinería,Personal,Interior
310,486,Jardinería:Deportes,Personal,Interior
266,487,Electrónica,Personal,Exterior
346,488,Jardinería:Ropa:Electrónica,Personal,Exterior
285,489,Jardinería,Personal,Exterior
116,490,Deportes:Electrónica,Personal,Exterior
290,491,Ropa,Venta,Interior
694,492,Jardinería:Electrónica:Deportes,Personal,Interior
345,493,Ropa,Personal,Exterior
62,494,Ropa:Deportes:Jardinería:Hogar,Venta,Interior
519,495,Deportes,Venta,Exterior
113,496,Ropa:Deportes:Jardinería:Hogar:Electrónica,Personal,Interior
449,497,Hogar:Jardinería:Deportes:Electrónica:Ropa,Personal,Interior
670,498,Electrónica:Jardinería:Ropa:Deportes,Venta,Interior
271,499,Electrónica:Hogar:Ropa:Jardinería:Deportes,Personal,Interior
647,500,Electrónica:Jardinería:Ropa:Deportes,Venta,Exterior
610,501,Electrónica:Hogar:Jardinería:Ropa:Deportes,Venta,Interior
272,502,Hogar:Deportes:Jardinería:Ropa,Venta,Interior
340,503,Jardinería:Hogar,Personal,Exterior
421,504,Ropa:Hogar:Deportes:Jardinería:Electrónica,Personal,Exterior
323,505,Jardinería:Hogar:Ropa:Electrónica:Deportes,Personal,Exterior
630,506,Hogar:Jardinería:Ropa,Venta,Interior
93,507,Deportes:Jardinería:Electrónica,Venta,Interior
95,508,Ropa,Personal,Interior
385,509,Hogar:Ropa,Venta,Interior
295,510,Electrónica,Venta,Exterior
261,511,Deportes:Ropa:Electrónica:Jardinería,Venta,Interior
505,512,Deportes:Electrónica:Hogar:Jardinería:Ropa,Personal,Interior
245,513,Hogar:Jardinería,Personal,Interior
360,514,Deportes:Electrónica:Jardinería:Hogar:Ropa,Personal,Interior
146,515,Ropa:Electrónica:Hogar,Personal,Interior
236,516,Ropa:Jardinería:Deportes,Personal,Interior
698,517,Hogar,Venta,Exterior
222,518,Ropa:Electrónica:Deportes:Jardinería:Hogar,Venta,Exterior
526,519,Jardinería,Venta,Interior
63,520,Hogar:Electrónica:Ropa,Personal,Interior
555,521,Electrónica:Ropa:Deportes:Hogar:Jardinería,Personal,Interior
37,522,Hogar:Deportes:Electrónica,Venta,Exterior
406,523,Jardinería:Hogar:Electrónica:Ropa,Venta,Exterior
337,524,Hogar:Electrónica,Venta,Exterior
368,525,Ropa,Personal,Interior
389,526,Hogar:Electrónica:Ropa:Jardinería,Personal,Interior
394,527,Hogar:Ropa,Venta,Interior
691,528,Ropa:Hogar:Deportes:Jardinería,Personal,Exterior
547,529,Jardinería:Deportes,Venta,Exterior
333,530,Ropa:Deportes:Electrónica:Hogar:Jardinería,Personal,Interior
409,531,Electrónica:Jardinería:Deportes:Ropa,Venta,Interior
300,532,Jardinería:Electrónica,Personal,Exterior
496,533,Ropa:Hogar:Electrónica,Venta,Interior
383,534,Deportes:Ropa:Jardinería:Electrónica,Personal,Interior
584,535,Jardinería,Venta,Exterior
498,536,Jardinería:Ropa:Electrónica:Hogar,Personal,Interior
660,537,Jardinería,Personal,Interior
488,538,Jardinería:Deportes,Venta,Interior
140,539,Jardinería:Electrónica:Hogar:Ropa,Personal,Interior
225,540,Jardinería,Personal,Exterior
298,541,Jardinería,Personal,Exterior
612,542,Deportes,Venta,Interior
299,543,Hogar:Jardinería,Venta,Exterior
665,544,Jardinería,Personal,Exterior
81,545,Deportes:Hogar:Electrónica,Venta,Interior
603,546,Ropa:Hogar:Jardinería,Personal,Interior
616,547,Electrónica:Ropa:Hogar:Deportes,Personal,Exterior
200,548,Jardinería:Ropa:Electrónica,Venta,Interior
339,549,Electrónica:Ropa:Hogar:Jardinería:Deportes,Personal,Interior
676,550,Electrónica:Hogar:Deportes,Venta,Interior
503,551,Deportes,Personal,Interior
597,552,Hogar:Ropa:Jardinería:Deportes,Personal,Interior
28,553,Electrónica:Jardinería:Ropa,Personal,Interior
119,554,Ropa:Electrónica:Jardinería:Deportes,Venta,Exterior
52,555,Hogar:Electrónica:Jardinería:Deportes,Personal,Exterior
637,556,Jardinería:Electrónica,Personal,Interior
399,557,Jardinería:Electrónica:Hogar,Venta,Exterior
437,558,Hogar,Venta,Exterior
657,559,Deportes:Ropa,Venta,Interior
305,560,Hogar,Personal,Exterior
574,561,Ropa:Jardinería:Hogar,Personal,Interior
176,562,Hogar:Ropa:Jardinería:Deportes,Venta,Exterior
636,563,Electrónica:Deportes,Personal,Interior
623,564,Hogar,Personal,Exterior
568,565,Deportes:Electrónica,Personal,Interior
477,566,Electrónica:Jardinería:Hogar:Ropa:Deportes,Personal,Exterior
278,567,Electrónica:Deportes:Jardinería:Ropa:Hogar,Venta,Exterior
270,568,Electrónica:Jardinería:Ropa:Hogar:Deportes,Venta,Interior
11,569,Deportes:Ropa:Electrónica,Personal,Interior
392,570,Electrónica:Deportes,Venta,Exterior
111,571,Electrónica:Hogar:Ropa:Deportes,Personal,Exterior
88,572,Jardinería:Deportes:Electrónica:Ropa:Hogar,Personal,Exterior
297,573,Electrónica:Ropa:Jardinería:Hogar:Deportes,Venta,Interior
559,574,Jardinería:Electrónica:Ropa,Personal,Exterior
474,575,Ropa:Hogar:Jardinería,Venta,Interior
147,576,Hogar:Deportes:Ropa:Electrónica,Personal,Exterior
348,577,Hogar:Deportes:Jardinería:Ropa,Venta,Interior
391,578,Electrónica:Hogar:Deportes,Venta,Exterior
473,579,Deportes:Jardinería:Hogar,Venta,Interior
102,580,Ropa:Electrónica:Hogar:Jardinería:Deportes,Personal,Interior
26,581,Electrónica:Hogar:Deportes:Jardinería:Ropa,Venta,Interior
258,582,Electrónica,Venta,Interior
161,583,Jardinería:Electrónica:Hogar:Ropa,Venta,Exterior
12,584,Hogar:Deportes:Ropa:Jardinería,Personal,Exterior
350,585,Deportes:Jardinería:Electrónica,Venta,Interior
27,586,Ropa:Deportes,Venta,Interior
410,587,Electrónica:Ropa:Deportes,Venta,Interior
215,588,Jardinería:Hogar:Deportes,Personal,Exterior
487,589,Hogar:Jardinería:Ropa:Deportes:Electrónica,Personal,Exterior
533,590,Electrónica,Personal,Interior
118,591,Ropa:Jardinería:Hogar,Personal,Interior
115,592,Ropa:Jardinería:Hogar:Deportes,Venta,Interior
544,593,Deportes:Jardinería:Ropa,Venta,Exterior
23,594,Deportes:Hogar:Ropa:Electrónica:Jardinería,Venta,Interior
216,595,Jardinería,Venta,Exterior
182,596,Jardinería,Personal,Exterior
188,597,Jardinería:Electrónica,Personal,Interior
207,598,Jardinería,Venta,Exterior
100,599,Ropa:Deportes,Personal,Interior
185,600,Deportes:Ropa,Venta,Interior
395,601,Jardinería:Hogar:Ropa,Venta,Interior
279,602,Deportes,Personal,Exterior
105,603,Electrónica:Ropa:Hogar,Venta,Interior
328,604,Jardinería,Personal,Exterior
228,605,Deportes:Hogar,Venta,Exterior
645,606,Ropa:Electrónica:Jardinería,Venta,Interior
87,607,Electrónica:Ropa:Hogar,Personal,Exterior
242,608,Deportes:Hogar:Ropa:Jardinería:Electrónica,Venta,Interior
103,609,Hogar,Venta,Exterior
558,610,Hogar:Jardinería:Deportes:Electrónica:Ropa,Personal,Interior
604,611,Ropa:Jardinería:Deportes:Electrónica,Venta,Interior
231,612,Jardinería:Hogar:Deportes:Ropa,Personal,Exterior
107,613,Deportes:Hogar:Jardinería,Venta,Exterior
143,614,Electrónica:Ropa,Venta,Interior
265,615,Electrónica:Ropa:Deportes,Personal,Interior
1,616,Hogar,Venta,Interior
3,617,Electrónica:Deportes,Venta,Exterior
569,618,Jardinería:Hogar:Electrónica:Deportes:Ropa,Personal,Exterior
25,619,Jardinería:Ropa:Hogar,Personal,Exterior
588,620,Electrónica:Deportes,Personal,Interior
649,621,Ropa:Electrónica:Deportes:Jardinería,Personal,Exterior
41,622,Electrónica:Ropa:Deportes:Jardinería,Personal,Interior
608,623,Jardinería:Ropa,Personal,Interior
483,624,Hogar:Ropa:Deportes,Personal,Interior
596,625,Jardinería:Electrónica:Ropa:Hogar,Personal,Interior
376,626,Jardinería:Ropa:Deportes,Personal,Exterior
296,627,Hogar:Deportes:Ropa,Personal,Interior
476,628,Ropa:Jardinería:Hogar,Venta,Exterior
478,629,Jardinería,Personal,Exterior
67,630,Ropa:Jardinería:Deportes:Electrónica,Venta,Exterior
408,631,Deportes:Jardinería:Electrónica:Ropa,Personal,Exterior
689,632,Deportes:Jardinería:Ropa,Personal,Exterior
153,633,Jardinería:Deportes:Hogar,Venta,Interior
419,634,Electrónica:Jardinería:Deportes:Hogar:Ropa,Venta,Interior
275,635,Hogar:Electrónica:Ropa:Jardinería,Venta,Exterior
172,636,Electrónica:Ropa:Jardinería,Personal,Exterior
444,637,Hogar:Deportes:Electrónica,Venta,Exterior
9,638,Electrónica:Hogar:Deportes:Jardinería,Personal,Exterior
652,639,Hogar:Electrónica:Ropa:Jardinería,Venta,Exterior
193,640,Electrónica,Personal,Exterior
332,641,Deportes:Electrónica:Ropa,Personal,Exterior
618,642,Jardinería:Hogar,Venta,Exterior
643,643,Ropa:Jardinería:Hogar,Personal,Exterior
375,644,Hogar:Jardinería:Ropa,Venta,Exterior
635,645,Jardinería:Deportes,Venta,Interior
581,646,Ropa:Deportes:Hogar:Jardinería,Personal,Exterior
371,647,Hogar,Personal,Exterior
614,648,Hogar:Electrónica:Deportes:Jardinería:Ropa,Venta,Exterior
563,649,Electrónica,Personal,Interior
227,650,Jardinería:Hogar:Ropa,Venta,Exterior
592,651,Deportes:Ropa:Electrónica:Hogar,Venta,Exterior
101,652,Jardinería,Venta,Exterior
615,653,Hogar:Jardinería,Venta,Exterior
562,654,Jardinería:Deportes,Venta,Exterior
354,655,Ropa,Personal,Interior
590,656,Deportes:Electrónica:Ropa:Hogar,Venta,Exterior
110,657,Ropa:Deportes:Electrónica,Venta,Interior
308,658,Hogar:Deportes:Electrónica:Jardinería,Venta,Interior
642,659,Deportes:Hogar,Personal,Interior
206,660,Electrónica:Deportes,Venta,Exterior
34,661,Jardinería:Electrónica,Venta,Interior
628,662,Electrónica,Personal,Exterior
291,663,Deportes:Ropa:Electrónica,Personal,Exterior
51,664,Hogar:Jardinería:Deportes:Ropa,Venta,Exterior
167,665,Jardinería:Deportes:Ropa:Electrónica:Hogar,Venta,Exterior
68,666,Jardinería:Ropa:Hogar:Electrónica:Deportes,Venta,Interior
353,667,Hogar:Electrónica:Deportes:Ropa:Jardinería,Personal,Exterior
288,668,Deportes:Hogar,Venta,Interior
6,669,Ropa,Venta,Exterior
330,670,Hogar,Venta,Interior
325,671,Deportes:Ropa:Electrónica:Hogar:Jardinería,Personal,Exterior
19,672,Hogar:Jardinería:Deportes,Venta,Interior
108,673,Electrónica:Deportes:Ropa:Jardinería:Hogar,Venta,Interior
681,674,Hogar:Jardinería:Deportes:Ropa:Electrónica,Personal,Exterior
203,675,Hogar:Electrónica:Jardinería:Ropa:Deportes,Venta,Interior
356,676,Jardinería,Venta,Interior
313,677,Deportes:Jardinería:Ropa:Hogar:Electrónica,Personal,Interior
414,678,Ropa,Personal,Interior
61,679,Ropa:Deportes:Hogar:Electrónica:Jardinería,Personal,Exterior
627,680,Hogar:Electrónica:Deportes:Jardinería:Ropa,Personal,Exterior
149,681,Hogar:Electrónica:Deportes:Jardinería,Venta,Exterior
530,682,Electrónica,Personal,Exterior
447,683,Jardinería:Deportes:Electrónica:Ropa:Hogar,Venta,Exterior
269,684,Hogar:Ropa:Jardinería,Venta,Exterior
124,685,Deportes:Ropa:Electrónica:Hogar,Venta,Interior
244,686,Electrónica:Deportes:Ropa:Hogar:Jardinería,Personal,Interior
64,687,Ropa,Personal,Exterior
377,688,Jardinería:Hogar:Ropa,Venta,Interior
585,689,Electrónica:Jardinería:Ropa:Hogar:Deportes,Personal,Exterior
471,690,Hogar:Deportes:Jardinería:Ropa,Venta,Exterior
293,691,Electrónica:Hogar:Jardinería:Ropa,Venta,Exterior
155,692,Ropa:Electrónica:Jardinería:Deportes:Hogar,Personal,Interior
393,693,Hogar:Jardinería:Deportes:Electrónica:Ropa,Venta,Exterior
484,694,Electrónica:Ropa,Personal,Interior
99,695,Electrónica,Personal,Exterior
233,696,Deportes:Electrónica:Ropa:Jardinería:Hogar,Venta,Interior
251,697,Hogar:Jardinería:Deportes:Electrónica:Ropa,Personal,Interior
248,698,Deportes:Jardinería:Electrónica,Venta,Exterior
5,699,Deportes:Hogar:Electrónica:Ropa:Jardinería,Personal,Interior
667,700,Hogar:Jardinería:Deportes:Ropa:Electrónica,Venta,Interior
